"address","city","country_code","domain","fid","kgmid","latitude","longitude","neighborhood","phone","phone_unformatted","place_id","popular_times_weekly/0/close","popular_times_weekly/0/day","popular_times_weekly/0/open","popular_times_weekly/1/close","popular_times_weekly/1/day","popular_times_weekly/1/open","popular_times_weekly/2/close","popular_times_weekly/2/day","popular_times_weekly/2/open","popular_times_weekly/3/close","popular_times_weekly/3/day","popular_times_weekly/3/open","popular_times_weekly/4/close","popular_times_weekly/4/day","popular_times_weekly/4/open","popular_times_weekly/5/close","popular_times_weekly/5/day","popular_times_weekly/5/open","popular_times_weekly/6/close","popular_times_weekly/6/day","popular_times_weekly/6/open","popular_times_weekly/7/close","popular_times_weekly/7/day","popular_times_weekly/7/open","postal_code","reviews_count","state","street","title","total_score","website"
"İnnovation Bakırköy Güzellik Salonu, Zuhuratbaba, Gençler Cad. no:18/A, 34147 Bakırköy/İstanbul, Türkiye","Bakırköy","TR",,"0x14cabd51fd3a28ab:0x79b11a9f5fa519d2","/g/11mt4fhndr","40.9807721","28.8726954","Gençler Cad. no:18/A","+905307424834","0530 742 48 34","ChIJqyg6_VG9yhQR0hmlX58asXk","9pm","Saturday","10am","9pm","Saturday","10am",,,,,,,,,,,,,,,,,,,"34147",,"İstanbul","Gençler Cad. no:18/A","İnnovation Bakırköy Güzellik Salonu",,
"BeU Beauty Güzellik Merkezi, CAPACİTY C KAPISI KARŞISI, ZEYTİNLİK MAHALLESİ, FİŞEKHANE CADDESİ, NO:50 DAİRE:10 ÖZLEM APARTMANI, 34100 Bakırköy/İstanbul, Türkiye","Bakırköy","TR",,"0x14cabd26d4f616a9:0x117a39ea1ecb4fa1","/g/11xztgzmcx","40.978139","28.87032","CAPACİTY C KAPISI KARŞISI, ZEYTİNLİK MAHALLESİ, FİŞEKHANE CADDESİ, NO:50 DAİRE:10 ÖZLEM APARTMANI","+905475435343","0547 543 53 43","ChIJqRb21Ca9yhQRoU_LHuo5ehE","7pm","Saturday","9am","7pm","Saturday","9am",,,,,,,,,,,,,,,,,,,"34100",,"İstanbul","CAPACİTY C KAPISI KARŞISI, ZEYTİNLİK MAHALLESİ, FİŞEKHANE CADDESİ, NO:50 DAİRE:10 ÖZLEM APARTMANI","BeU Beauty Güzellik Merkezi",,
"Orion Güzellik Salonu, Yeşilköy, Ümran Sokağı No:30 D:1A, 34149 Bakırköy/İstanbul, Türkiye","Bakırköy","TR",,"0x14caa2fd09919c6f:0x909db09de8af88d7","/g/11c6_h6n6r","40.9614","28.821926","Ümran Sokağı No:30 D:1A","+902126639101","(0212) 663 91 01","ChIJb5yRCf2iyhQR14iv6J2wnZA","7pm","Saturday","9am","7pm","Saturday","9am",,,,,,,,,,,,,,,,,,,"34149",,"İstanbul","Ümran Sokağı No:30 D:1A","Orion Güzellik Salonu",,
"Fatoş Gamze Beauty Güzellik Merkezi, Cemal Akın Plaza, Şirinevler, Adnan Kahveci Blv. 194/A K:8 D:14, 34188 Bahçelievler/İstanbul, Türkiye","Bahçelievler","TR",,"0x14caa3d51d826d29:0x5c6ea236d4e4fe60","/g/11p72hm668","40.9927324","28.8502464","Cemal Akın Plaza, Adnan Kahveci Blv. 194/A K:8 D:14","+905536280406","0553 628 04 06","ChIJKW2CHdWjyhQRYP7k1Daiblw","8pm","Saturday","10am","8pm","Saturday","10am",,,,,,,,,,,,,,,,,,,"34188",,"İstanbul","Cemal Akın Plaza, Adnan Kahveci Blv. 194/A K:8 D:14","Fatoş Gamze Beauty Güzellik Merkezi",,
"MS güzellik salonu:cilt bakımı ,lazer,manikür pedikür,kalıcıoje,fön,ipek kirpik,boya, Altayçeşme, Seri Sk. 21/A, 34843 Maltepe/İstanbul, Türkiye","Maltepe","TR",,"0x14cac75c352ac91d:0xb582b9044a25c2f9","/g/11ym_25pmz","40.9369381","29.1334389","Seri Sk. 21/A","+905421870040","0542 187 00 40","ChIJHckqNVzHyhQR-cIlSgS5grU","7pm","Saturday","12am","7pm","Saturday","12am",,,,,,,,,,,,,,,,,,,"34843",,"İstanbul","Seri Sk. 21/A","MS güzellik salonu:cilt bakımı ,lazer,manikür pedikür,kalıcıoje,fön,ipek kirpik,boya",,
"Alena Güzellik İstanbul – Kaş, Kirpik, G5 Masaj & Cilt Bakımı, Şehremini, Ahmet Vefikpaşa Cad. no:67, 34000 Fatih/İstanbul, Türkiye","Fatih","TR",,"0x14cabbdbddef1bd3:0x3fdd45c7f9c6b9fc","/g/11x6wqzsd6","41.0121707","28.932902","Ahmet Vefikpaşa Cad. no:67","+905353438265","0535 343 82 65","ChIJ0xvv3du7yhQR_LnG-cdF3T8","8pm","Saturday","10am","8pm","Saturday","10am",,,,,,,,,,,,,,,,,,,"34000",,"İstanbul","Ahmet Vefikpaşa Cad. no:67","Alena Güzellik İstanbul – Kaş, Kirpik, G5 Masaj & Cilt Bakımı",,
"Lady Sauna SPA, Yeşilköy, Gazi Evrenos Cd. No:44, 34149 Bakırköy/İstanbul, Türkiye","Bakırköy","TR",,"0x14caa2e36a91cfc5:0x86113616b74c1bea","/g/11cly4s3gg","40.960419","28.8351425","Gazi Evrenos Cd. No:44",,,"ChIJxc-RauOiyhQR6htMtxY2EYY","8pm","Saturday","10am","8pm","Saturday","10am",,,,,,,,,,,,,,,,,,,"34149",,"İstanbul","Gazi Evrenos Cd. No:44","Lady Sauna SPA",,
"Slim Life Güzellik Hydrafacial Cilt Bakımı, Microblading, Kıl Tekniği Kaş, Kirpik Lifting, Zayıflama, İncirli Caddesi, Kartaltepe Mh, Kartaltepe, Yeşil Adalı Sk. No:4A, 34145 Bakırköy, Türkiye","Bakırköy","TR",,"0x14cabb5042d5c00b:0x5c59ab6509e3d8f8","/g/11b8b2p0_4","40.9848117","28.87317","İncirli Caddesi, Kartaltepe Mh, Yeşil Adalı Sk. No:4A","+905444664133","0544 466 41 33","ChIJC8DVQlC7yhQR-NjjCWWrWVw","9pm","Saturday","8am","9pm","Saturday","8am",,,,,,,,,,,,,,,,,,,"34145",,"İstanbul","İncirli Caddesi, Kartaltepe Mh, Yeşil Adalı Sk. No:4A","Slim Life Güzellik Hydrafacial Cilt Bakımı, Microblading, Kıl Tekniği Kaş, Kirpik Lifting, Zayıflama",,
"Celinesta Beauty & Spa, Yeşilköy, İstasyon Cd. No:29, 34149 Bakırköy/İstanbul, Türkiye","Bakırköy","TR",,"0x14caa347b1a247c1:0x220c1d091a8b420f","/g/11fnndyz91","40.9599878","28.8236949","İstasyon Cd. No:29","+905322843891","0532 284 38 91","ChIJwUeisUejyhQRD0KLGgkdDCI","9pm","Saturday","10:30am","9pm","Saturday","10:30am",,,,,,,,,,,,,,,,,,,"34149",,"İstanbul","İstasyon Cd. No:29","Celinesta Beauty & Spa",,
"Özlem Şahin Beauty Palace | Bakırköy Güzellik Salonu| Bakırköy Protez Tırnak, Ataköy nef22, Ataköy 7-8-9-10. Kısım, A blok Kat:1 D:24, 34158 Bakırköy/İstanbul, Türkiye","Bakırköy","TR",,"0x14cab7dfcd98138f:0xc1734c44f0bada20","/g/11vtb8jqkl","40.9916755","28.8352274","Ataköy nef22, A blok Kat:1 D:24","+905462739788","0546 273 97 88","ChIJjxOYzd-3yhQRINq68ERMc8E","8pm","Saturday","10am","8pm","Saturday","10am",,,,,,,,,,,,,,,,,,,"34158",,"İstanbul","Ataköy nef22, A blok Kat:1 D:24","Özlem Şahin Beauty Palace | Bakırköy Güzellik Salonu| Bakırköy Protez Tırnak",,
"Beşiktaş Güzellik Salonu, Ekeroğlu Apt, Türkali, Nüzhetiye Cd. No: 58 Daire:8, 34357 Beşiktaş/İstanbul, Türkiye","Beşiktaş","TR",,"0x14cab7e2f03c4011:0x73310962d09484b2","/g/11yxpvmbvm","41.0487955","29.0007552","Ekeroğlu Apt, Nüzhetiye Cd. No: 58 Daire:8","+905323816393","0532 381 63 93","ChIJEUA88OK3yhQRsoSU0GIJMXM","8pm","Saturday","9am","8pm","Saturday","9am",,,,,,,,,,,,,,,,,,,"34357",,"İstanbul","Ekeroğlu Apt, Nüzhetiye Cd. No: 58 Daire:8","Beşiktaş Güzellik Salonu",,
"Estemagic Güzellik ve Estetik Merkezi, No:, Zeytinlik, Ebuziya Cd. No:40, 34140 Bakırköy/İstanbul, Türkiye","Bakırköy","TR",,"0x14cabca4cd5266eb:0x18fcf9621ebd27a","/g/11bx8qz_2z","40.976279","28.875013","No:, Ebuziya Cd. No:40","+902125606035","(0212) 560 60 35","ChIJ62ZSzaS8yhQRetLrIZbPjwE","10pm","Saturday","9am","10pm","Saturday","9am",,,,,,,,,,,,,,,,,,,"34140",,"İstanbul","No:, Ebuziya Cd. No:40","Estemagic Güzellik ve Estetik Merkezi",,
"MİSS GÜZELLİK SALONU (SAKİNE PARLAR ), Metropol Avm karşısında Türkiye iş bankasının yanında, Atatürk, Sedef Cd. 38. Ada Ata 3/5 blok No.28, 34758 Ataşehir/İstanbul, Türkiye","Ataşehir","TR",,"0x14cac933e234af8b:0x8f91d34a3c54b6f2","/g/11fjq3pddy","40.9925437","29.1235918","Metropol Avm karşısında Türkiye iş bankasının yanında, Sedef Cd. 38. Ada Ata 3/5 blok No.28","+905412225588","0541 222 55 88","ChIJi6804jPJyhQR8rZUPErTkY8","7pm","Saturday","9am","7pm","Saturday","9am",,,,,,,,,,,,,,,,,,,"34758",,"İstanbul","Metropol Avm karşısında Türkiye iş bankasının yanında, Sedef Cd. 38. Ada Ata 3/5 blok No.28","MİSS GÜZELLİK SALONU (SAKİNE PARLAR )",,
"M.Akkaya Beauty | Bakırköy Protez Tırnak | Ataköy Protez Tırnak | Bakırköy Güzellik Salonu, Cevizlik, İstanbul Cd. Pelin işhanı No:3 İç Kapı:103, 34142 Bakırköy/İstanbul, Türkiye","Bakırköy","TR",,"0x14cabbe44ca5b455:0x83b3beb62ee4dc15","/g/11p768gd4z","40.9785233","28.8746804","İstanbul Cd. Pelin işhanı No:3 İç Kapı:103","+905343650760","0534 365 07 60","ChIJVbSlTOS7yhQRFdzkLra-s4M","8pm","Saturday","10am","8pm","Friday","10am","8pm","Thursday","10am","8pm","Wednesday","10am","8pm","Tuesday","10am","8pm","Monday","10am",,"Sunday",,"8pm","Saturday","10am","34142","331","İstanbul","İstanbul Cd. Pelin işhanı No:3 İç Kapı:103","M.Akkaya Beauty | Bakırköy Protez Tırnak | Ataköy Protez Tırnak | Bakırköy Güzellik Salonu","4.8",
"Bakırköy Servet Çetin Estetik ve Güzellik Merkezi, Cevizlik, İstanbul Cd. no:27 kat:2, 34142 Bakırköy/İstanbul, Türkiye","Bakırköy","TR",,"0x14cabca4640eeedb:0x886d4a522c4b6a41","/g/11hd9qdqs_","40.9786322","28.8761256","İstanbul Cd. no:27 kat:2","+902125702810","(0212) 570 28 10","ChIJ2-4OZKS8yhQRQWpLLFJKbYg","7pm","Saturday","10am","7pm","Friday","10am","7pm","Thursday","10am","7pm","Wednesday","10am","7pm","Tuesday","10am","7pm","Monday","10am",,"Sunday",,"7pm","Saturday","10am","34142","67","İstanbul","İstanbul Cd. no:27 kat:2","Bakırköy Servet Çetin Estetik ve Güzellik Merkezi","4.7",
"Doğan Eray Güzellik Merkezi, Zeytinlik, Taşevler Sk. no:2 Kat:1 Daire:8, 34140 Bakırköy/İstanbul, Türkiye","Bakırköy","TR",,"0x14cabddec593160d:0x7554dc5e407dcf37","/g/11x916ff9j","40.9774468","28.8745595","Taşevler Sk. no:2 Kat:1 Daire:8","+905323363572","0532 336 35 72","ChIJDRaTxd69yhQRN899QF7cVHU","8pm","Saturday","10am","8pm","Friday","10am","8pm","Thursday","10am","8pm","Wednesday","10am","8pm","Tuesday","10am","8pm","Monday","10am","8pm","Sunday","10am","8pm","Saturday","10am","34140","60","İstanbul","Taşevler Sk. no:2 Kat:1 Daire:8","Doğan Eray Güzellik Merkezi","4.9",
"Figen ACADEMY, Sinanpaşa, Ortabahçe Cd. No:17, 34000 Beşiktaş/İstanbul, Türkiye","Beşiktaş","TR",,"0x14cab7a21e92f197:0x66213749c48326f9","/g/11h45rdjfn","41.042485","29.004424","Ortabahçe Cd. No:17","+905369543662","0536 954 36 62","ChIJl_GSHqK3yhQR-SaDxEk3IWY","8pm","Saturday","9am","8pm","Friday","9am","8pm","Thursday","9am","8pm","Wednesday","9am","8pm","Tuesday","9am","8pm","Monday","9am","8pm","Sunday","1","8pm","Saturday","9am","34000","2597","İstanbul","Ortabahçe Cd. No:17","Figen ACADEMY","4.9",
"She's World Güzellik Merkezi, Mareşal Fevzi Çakmak Caddesi. 2.sokak Yıldızdelen İş Merkezi No:1 Dr:15, BAHÇELİEVLER/İSTANBUL, Şirinevler Mahallesi, Bahçelievler, 34188 İstanbul, Türkiye","Bahçelievler","TR",,"0x14caa3586513e7c3:0xcf65dd91d6a41dd4","/g/11gd3bt8zx","40.992576","28.8452922","Mareşal Fevzi Çakmak Caddesi. 2.sokak Yıldızdelen İş Merkezi No:1 Dr:15, BAHÇELİEVLER/İSTANBUL, Şirinevler Mahallesi","+905452584765","0545 258 47 65","ChIJw-cTZVijyhQR1B2k1pHdZc8","8pm","Saturday","10am","8pm","Friday","10am","8pm","Thursday","10am","8pm","Wednesday","10am",,"Tuesday",,"8pm","Monday","10am","8pm","Sunday","10am","8pm","Saturday","10am","34188","149","İstanbul","Mareşal Fevzi Çakmak Caddesi. 2.sokak Yıldızdelen İş Merkezi No:1 Dr:15, BAHÇELİEVLER/İSTANBUL, Şirinevler Mahallesi","She's World Güzellik Merkezi","4.1",
"Beauty Güzellik Salonu, BAKİRKÖY cevizlik mahallesi Hüsreviye sokak/9 D /7/8/11, Fıratlı han, 34180 Bakırköy/İstanbul, Türkiye","Bakırköy","TR",,"0x14cabb4cf11e841d:0xd5c0de6f5293e6a7","/g/11fzst8x3h","40.9796297","28.8747685","BAKİRKÖY cevizlik mahallesi Hüsreviye sokak/9 D /7/8/11, Fıratlı han","+902124417576","(0212) 441 75 76","ChIJHYQe8Uy7yhQRp-aTUm_ewNU","8pm","Saturday","10am","8pm","Friday","10am","8pm","Thursday","10am","8pm","Wednesday","10am","8pm","Tuesday","10am","8pm","Monday","10am","8pm","Sunday","11am","8pm","Saturday","10am","34180","48","İstanbul","BAKİRKÖY cevizlik mahallesi Hüsreviye sokak/9 D /7/8/11, Fıratlı han","Beauty Güzellik Salonu","4.3",
"Doruk Güzellik Salonlari, Zeytinlik Mah. Fişekhane Cad. No:56 Kat:2 D:3 Ataköy Palas Apt, 34140 Bakırköy, Türkiye","Bakırköy","TR",,"0x14cabdde14eff167:0x419cbc33d20873a3","/g/11ffw9mbh5","40.9782151","28.8714732","Zeytinlik Mah. Fişekhane Cad. No:56 Kat:2 D:3 Ataköy Palas Apt","+902125439437","(0212) 543 94 37","ChIJZ_HvFN69yhQRo3MI0jO8nEE","10:30pm","Saturday","8am","10:30pm","Friday","8am","10:30pm","Thursday","8am","10:30pm","Wednesday","8am","10:30pm","Tuesday","8am","10:30pm","Monday","8am","8:30pm","Sunday","10am","10:30pm","Saturday","8am","34140","44","İstanbul","Zeytinlik Mah. Fişekhane Cad. No:56 Kat:2 D:3 Ataköy Palas Apt","Doruk Güzellik Salonlari","4.3",
"Luxury Beauty Center, 19 Mayıs Mahallesi, Atatürk Caddesi, Yamaç Sokak, Şeref Yazgan İş Merkezi Bina No: 1, Kat: 2, Daire: 8-9, 34736 Kadıköy/İstanbul, Türkiye","Kadıköy","TR",,"0x14cac7c42f7f6827:0x48fd17737a81ed14","/g/11fmbcx62c","40.9807866","29.0901198","19 Mayıs Mahallesi, Atatürk Caddesi, Yamaç Sokak, Şeref Yazgan İş Merkezi Bina No: 1, Kat: 2, Daire: 8-9","+905349167777","0534 916 77 77","ChIJJ2h_L8THyhQRFO2BenMX_Ug","7pm","Saturday","9am","7pm","Friday","9am","7pm","Thursday","9am","7pm","Wednesday","9am","7pm","Tuesday","9am","7pm","Monday","9am",,"Sunday",,"7pm","Saturday","9am","34736","43","İstanbul","19 Mayıs Mahallesi, Atatürk Caddesi, Yamaç Sokak, Şeref Yazgan İş Merkezi Bina No: 1, Kat: 2, Daire: 8-9","Luxury Beauty Center","4.6",
"Bakırköy Popüler Güzellik Merkezi, Zeytinlik Mahallesi, Ebuziya caddesi, MustafaBey İşhanı No:8 Kat: 4, 34140 Bakırköy/İstanbul, Türkiye","Bakırköy","TR",,"0x14cabdf4958fa167:0xe713294a4bc5cc4f","/g/11lm14n1tq","40.9781195","28.874339","Zeytinlik Mahallesi, Ebuziya caddesi, MustafaBey İşhanı No:8 Kat: 4","+905455917360","0545 591 73 60","ChIJZ6GPlfS9yhQRT8zFS0opE-c","7pm","Saturday","9am","7pm","Friday","9am","7pm","Thursday","9am","7pm","Wednesday","9am","7pm","Tuesday","9am","7pm","Monday","9am","7pm","Sunday","9am","7pm","Saturday","9am","34140","74","İstanbul","Zeytinlik Mahallesi, Ebuziya caddesi, MustafaBey İşhanı No:8 Kat: 4","Bakırköy Popüler Güzellik Merkezi","4",
"Suna Luxury Beauty, BEYAZ REZIDANS, Maltepe, Teyyareci Sami Sk. B1 NO: 2 C, 34010 Zeytinburnu/İstanbul, Türkiye","Zeytinburnu","TR",,"0x14cabba60d8c3d2d:0xf03d1961e9e98c24","/g/11kc7yrcnc","41.0162751","28.9055484","BEYAZ REZIDANS, Teyyareci Sami Sk. B1 NO: 2 C","+905451689209","0545 168 92 09","ChIJLT2MDaa7yhQRJIzp6WEZPfA","6:30pm","Saturday","9:30am","6:30pm","Friday","9:30am","6:30pm","Thursday","9:30am","6:30pm","Wednesday","9:30am","6:30pm","Tuesday","9:30am","6:30pm","Monday","9:30am","6:30pm","Sunday","9:30am","6:30pm","Saturday","9:30am","34010","1504","İstanbul","BEYAZ REZIDANS, Teyyareci Sami Sk. B1 NO: 2 C","Suna Luxury Beauty","4.8",
"NESLİHAN ATİLLA BEAUTY, Osmaniye, İncirli Yolu Sk. Numara:29 D:C, 34146 Bakırköy/İstanbul, Türkiye","Bakırköy","TR",,"0x14cabb011ea34913:0xf82aa6902d38737c","/g/11kr8pwldz","40.9937118","28.8768993","İncirli Yolu Sk. Numara:29 D:C","+905317900817","0531 790 08 17","ChIJE0mjHgG7yhQRfHM4LZCmKvg","8pm","Saturday","8am","8pm","Friday","8am","8pm","Thursday","8am","8pm","Wednesday","8am","8pm","Tuesday","8am","8pm","Monday","8am",,"Sunday",,"8pm","Saturday","8am","34146","416","İstanbul","İncirli Yolu Sk. Numara:29 D:C","NESLİHAN ATİLLA BEAUTY","5",
"Lily's Beauty Studio Lilys | Güzellik Salonu | Bölgesel Zayıflama | Vücut Sıkılaştırma | Cilt Bakımı | Epilasyon, Nişantaşı Gül apart, Halaskargazi, Rumeli Cd. No:11 kat:4, 34365 Şişli/İstanbul, Türkiye","Şişli","TR",,"0x14cab71d19f20b31:0xe798b034cc846edf","/g/11frz9s5xy","41.0522682","28.9905793","Nişantaşı Gül apart, Rumeli Cd. No:11 kat:4","+905451024412","0545 102 44 12","ChIJMQvyGR23yhQR326EzDSwmOc","6:30pm","Saturday","10am","8pm","Friday","10am","8pm","Thursday","10am","8pm","Wednesday","10am","8pm","Tuesday","10am","8pm","Monday","10am",,"Sunday",,"6:30pm","Saturday","10am","34365","468","İstanbul","Nişantaşı Gül apart, Rumeli Cd. No:11 kat:4","Lily's Beauty Studio Lilys | Güzellik Salonu | Bölgesel Zayıflama | Vücut Sıkılaştırma | Cilt Bakımı | Epilasyon","4.8",
"Glamour Güzellik Merkezi, Meşrutiyet, Şair Nigar Sk. 29A, 34363 Şişli/İstanbul, Türkiye","Şişli","TR",,"0x14cac55c39cbdcd7:0x9e3e61529af320b0","/g/11lndq371p","41.0528641","28.9908526","Şair Nigar Sk. 29A","+905324006650","0532 400 66 50","ChIJ19zLOVzFyhQRsCDzmlJhPp4","8pm","Saturday","10am","8pm","Friday","10am","8pm","Thursday","10am","8pm","Wednesday","10am","8pm","Tuesday","10am","8pm","Monday","10am","8pm","Sunday","11am","8pm","Saturday","10am","34363","102","İstanbul","Şair Nigar Sk. 29A","Glamour Güzellik Merkezi","4.7",
"Yelsa Güzellik Salonu - Ataköy, Güney Yan, Ataköy 7-8-9-10 D-100, Airport AVM D:425, 34158 Bakırköy/İstanbul, Türkiye","Bakırköy","TR",,"0x14caa3ca88f00b7d:0xac5f05c079a19457","/g/11lds2sj70","40.9918954","28.830723","Güney Yan, Ataköy 7-8-9-10 D-100, Airport AVM D:425","+905398797019","0539 879 70 19","ChIJfQvwiMqjyhQRV5ShecAFX6w","10pm","Saturday","10am","10pm","Friday","10am","10pm","Thursday","10am","10pm","Wednesday","10am","10pm","Tuesday","10am","10pm","Monday","10am","10pm","Sunday","10am","10pm","Saturday","10am","34158","283","İstanbul","Güney Yan, Ataköy 7-8-9-10 D-100, Airport AVM D:425","Yelsa Güzellik Salonu - Ataköy","4.6",
"SECRET BEAUTY CENTER / TAKSİM/WAXİNG SALON SKINCARE SALON, Gümüşsuyu, Hariciye Konağı Sk. No:1 Sağlık APT. Daire:2, 34437 Beyoğlu/İstanbul, Türkiye","Beyoğlu","TR",,"0x14cab7639752fa7f:0x77fd052d99f7ca59","/g/11fsyv4s6s","41.0349881","28.987989","Hariciye Konağı Sk. No:1 Sağlık APT. Daire:2",,,"ChIJf_pSl2O3yhQRWcr3mS0F_Xc","8:30pm","Saturday","10am","8:30pm","Friday","10am","8:30pm","Thursday","10am","8:30pm","Wednesday","10am","8:30pm","Tuesday","10am","8:30pm","Monday","10am","8:30pm","Sunday","10am","8:30pm","Saturday","10am","34437","683","İstanbul","Hariciye Konağı Sk. No:1 Sağlık APT. Daire:2","SECRET BEAUTY CENTER / TAKSİM/WAXİNG SALON SKINCARE SALON","4.8",
"Asya Beauty Lazer Epilasyon Ve Estetik Çapa, Şehremini, Necip Asım Sk. No:28 kat 1, 34095 Fatih/İstanbul, Türkiye","Fatih","TR",,"0x14cabb0f9eedc8e5:0xb4ec3f68aba3a83b","/g/11mw6xttfp","41.0134021","28.9338273","Necip Asım Sk. No:28 kat 1","+905536396772","0553 639 67 72","ChIJ5cjtng-7yhQRO6ijq2g_7LQ","8pm","Saturday","10am","8pm","Friday","10am","8pm","Thursday","10am","8pm","Wednesday","10am","8pm","Tuesday","10am","8pm","Monday","10am",,"Sunday",,"8pm","Saturday","10am","34095","194","İstanbul","Necip Asım Sk. No:28 kat 1","Asya Beauty Lazer Epilasyon Ve Estetik Çapa","4.7",
"Olena Orbey Güzellik Salonu, Kısım Mh, Nivo Ataköy, Ataköy 7-8-9-10. Kısım, Yan Yol No:12/2 E-5, 34134 Bakırköy/İstanbul, Türkiye","Bakırköy","TR",,"0x14caa396933ba995:0x46ba33ba4c06944","/g/11fvjxv7y9","40.9919553","28.8289963","Kısım Mh, Nivo Ataköy, Yan Yol No:12/2 E-5","+905424662332","0542 466 23 32","ChIJlak7k5ajyhQRRGnApDujawQ","6pm","Saturday","10am","6pm","Friday","10am","6pm","Thursday","10am","6pm","Wednesday","10am",,"Tuesday",,"6pm","Monday","10am","5pm","Sunday","10am","6pm","Saturday","10am","34134","116","İstanbul","Kısım Mh, Nivo Ataköy, Yan Yol No:12/2 E-5","Olena Orbey Güzellik Salonu","4.8",
"merve sayın ağda & güzellik salonu, Siyavuşpaşa, Sardunya Sk. no 18/A, 34180 Bahçelievler/İstanbul, Türkiye","Bahçelievler","TR",,"0x14caa5f4d6c1fec5:0x1b2c1f86a5198447","/g/11jv73bls8","41.0060378","28.8582788","Sardunya Sk. no 18/A","+905414976286","0541 497 62 86","ChIJxf7B1vSlyhQRR4QZpYYfLBs","8pm","Saturday","8am","8pm","Friday","8am","8pm","Thursday","8am","8pm","Wednesday","8am","8pm","Tuesday","8am","8pm","Monday","8am",,"Sunday",,"8pm","Saturday","8am","34180","181","İstanbul","Sardunya Sk. no 18/A","merve sayın ağda & güzellik salonu","4.9",
"AS Guzellik Salonu, Akşemsettin, Hırka-i Şerif Cd. 12/A, 34080 Fatih/İstanbul - Avrupa, Türkiye","Fatih","TR",,"0x14caba226688233d:0x85ffbd943630b900","/g/1xflmn6f","41.0211703","28.9449037","Hırka-i Şerif Cd. 12/A","+902125342476","(0212) 534 24 76","ChIJPSOIZiK6yhQRALkwNpS9_4U","8pm","Saturday","9am","8pm","Friday","9am","8pm","Thursday","9am","8pm","Wednesday","9am","8pm","Tuesday","9am","8pm","Monday","9am","8pm","Sunday","9am","8pm","Saturday","9am","34080","227","İstanbul - Avrupa","Hırka-i Şerif Cd. 12/A","AS Guzellik Salonu","4.5",
"Arzu Genç Güzellik Merkezi, Zuhuratbaba, Yeni İncirli Sk. No:27, 34147 Bakırköy/İstanbul, Türkiye","Bakırköy","TR",,"0x14cabda30add85fb:0x2a629938a237c0da","/g/11s_gcs7vk","40.9844845","28.8693841","Yeni İncirli Sk. No:27","+905524078071","0552 407 80 71","ChIJ-4XdCqO9yhQR2sA3ojiZYio","7:30pm","Saturday","9am","7:30pm","Friday","9am","7:30pm","Thursday","9am","7:30pm","Wednesday","9am","7:30pm","Tuesday","9am",,"Monday",,"7:30pm","Sunday","9am","7:30pm","Saturday","9am","34147","18","İstanbul","Yeni İncirli Sk. No:27","Arzu Genç Güzellik Merkezi","5",
"Tuğçe'm Epilasyon & Güzellik, Zeytinlik, Sporcu Sk. No:7, 34140 Bakırköy/İstanbul, Türkiye","Bakırköy","TR",,"0x14cabcafdb3ee341:0x85f16a54c4ba4ced","/g/11dym88lp6","40.9783612","28.869418","Sporcu Sk. No:7","+902125830044","(0212) 583 00 44","ChIJQeM-26-8yhQR7Uy6xFRq8YU","8pm","Saturday","10am","8pm","Friday","10am","8pm","Thursday","10am","8pm","Wednesday","10am","8pm","Tuesday","10am","8pm","Monday","10am",,"Sunday",,"8pm","Saturday","10am","34140","82","İstanbul","Sporcu Sk. No:7","Tuğçe'm Epilasyon & Güzellik","4.2",
"Güzellik Care island İstanbul, Cumhuriyet, Kazım Orbay Cd. no:24 D:1, 34384 Şişli/İstanbul, Türkiye","Şişli","TR",,"0x14cab7b4f8ae919d:0x96758c2c513a904b","/g/11fk8hlc3c","41.0558617","28.9823493","Kazım Orbay Cd. no:24 D:1","+905322306068","0532 230 60 68","ChIJnZGu-LS3yhQRS5A6USyMdZY","10:30pm","Saturday","8am","10:30pm","Friday","8am","10:30pm","Thursday","8am","10:30pm","Wednesday","8am","10:30pm","Tuesday","8am","10:30pm","Monday","8am","10:30pm","Sunday","8am","10:30pm","Saturday","8am","34384","448","İstanbul","Kazım Orbay Cd. no:24 D:1","Güzellik Care island İstanbul","4.9",
"Gizem Günaydın Estetik Beauty, Zeytinlik, Lamibey Sk. No:2 Daire:4, 34140 Bakırköy/İstanbul, Türkiye","Bakırköy","TR",,"0x14caa55a31cbca6d:0xdda3a42e425a53f7","/g/11txpmhz5x","40.9760447","28.8749745","Lamibey Sk. No:2 Daire:4","+905355527792","0535 552 77 92","ChIJbcrLMVqlyhQR91NaQi6ko90","5:30pm","Saturday","10:30am","7:30pm","Friday","10:30am","7:30pm","Thursday","10:30am","7:30pm","Wednesday","10:30am","7:30pm","Tuesday","10:30am","7:30pm","Monday","10:30am","8:30pm","Sunday","9am","5:30pm","Saturday","10:30am","34140","28","İstanbul","Lamibey Sk. No:2 Daire:4","Gizem Günaydın Estetik Beauty","5",
"Dreamer Beauty - Bakırköy Güzellik Salonu, Zeytinlik mah. Fişekhane cad, Halkçı Sk. No:26 D:3, 34140 Bakırköy/İstanbul, Türkiye","Bakırköy","TR",,"0x14cabdd8eeb4de99:0x1942e84ba22118c2","/g/11l229rcd4","40.9796304","28.8731387","Zeytinlik mah. Fişekhane cad, Halkçı Sk. No:26 D:3","+905325895887","0532 589 58 87","ChIJmd607ti9yhQRwhghokvoQhk","8pm","Saturday","10am","8pm","Friday","10am","8pm","Thursday","10am","8pm","Wednesday","10am","8pm","Tuesday","10am","8pm","Monday","10am","8pm","Sunday","10am","8pm","Saturday","10am","34140","14","İstanbul","Zeytinlik mah. Fişekhane cad, Halkçı Sk. No:26 D:3","Dreamer Beauty - Bakırköy Güzellik Salonu","4.9",
"Bella Güzellik Merkezi, Yeşilköy, İstasyon Cd. no: 59 kat: 2 daire: 4, 34149 Bakırköy/İstanbul, Türkiye","Bakırköy","TR",,"0x14caa3bf82b14a71:0x8818b8596e330de3","/g/11vq9k48q_","40.9587329","28.8222642","İstasyon Cd. no: 59 kat: 2 daire: 4","+905357244514","0535 724 45 14","ChIJcUqxgr-jyhQR4w0zblm4GIg","7pm","Saturday","9am","7pm","Friday","9am","7pm","Thursday","9am","7pm","Wednesday","9am","7pm","Tuesday","9am","7pm","Monday","9am","7pm","Sunday","9am","7pm","Saturday","9am","34149","8","İstanbul","İstasyon Cd. no: 59 kat: 2 daire: 4","Bella Güzellik Merkezi","5",
"Ecesu Beauty Studio | Güzellik Salonu | Cilt Bakımı | Bölgesel İncelme | Lazer Epilasyon | Kirpik Lifting | Alibeyköy, Çırçır, Burkulan Sk. No:9/A, 34070 Eyüpsultan/İstanbul, Türkiye","Eyüpsultan","TR",,"0x14cab184ce97af43:0x5af95d72c2b7680a","/g/11w4tyv3f0","41.0794976","28.9350557","Burkulan Sk. No:9/A","+905065203822","0506 520 38 22","ChIJQ6-XzoSxyhQRCmi3wnJd-Vo","9pm","Saturday","10am","9pm","Friday","10am","9pm","Thursday","10am","9pm","Wednesday","10am","9pm","Tuesday","10am","9pm","Monday","10am","9pm","Sunday","1","9pm","Saturday","10am","34070","288","İstanbul","Burkulan Sk. No:9/A","Ecesu Beauty Studio | Güzellik Salonu | Cilt Bakımı | Bölgesel İncelme | Lazer Epilasyon | Kirpik Lifting | Alibeyköy","5",
"Natural Güzellik Salonu, Merkez Mahallesi Halaskargazi Caddesi no:179 Ferit apt. Kat 3 daire 3, 34381 Şişli, Türkiye","Şişli","TR",,"0x14cab71ac4c927b7:0xad011d4c7b4092cb","/g/11ggt2tb4m","41.0586026","28.9868009","Merkez Mahallesi Halaskargazi Caddesi no:179 Ferit apt. Kat 3 daire 3","+905321567037","0532 156 70 37","ChIJtyfJxBq3yhQRy5JAe0wdAa0","8pm","Saturday","10am","8pm","Friday","10am","8pm","Thursday","10am","8pm","Wednesday","10am","8pm","Tuesday","10am","8pm","Monday","10am",,"Sunday",,"8pm","Saturday","10am","34381","261","İstanbul","Merkez Mahallesi Halaskargazi Caddesi no:179 Ferit apt. Kat 3 daire 3","Natural Güzellik Salonu","4.7",
"Art of Hair Muse ( Bay & Bayan Kuaför, Güzellik Salonu ), Sakız Ağacı Mahallesi Kennedy Caddesi, Hilton No:103, 34142 Bakırköy/İstanbul, Türkiye","Bakırköy","TR",,"0x14cabd7c74b784fd:0x96e80e3f09cc3c73","/g/11t1yybyg2","40.9797367","28.8867563","Sakız Ağacı Mahallesi Kennedy Caddesi, Hilton No:103","+905421906873","0542 190 68 73","ChIJ_YS3dHy9yhQRczzMCT8O6JY","9pm","Saturday","10am","9pm","Friday","10am","9pm","Thursday","10am","9pm","Wednesday","10am","9pm","Tuesday","10am","9pm","Monday","10am","9pm","Sunday","10am","9pm","Saturday","10am","34142","208","İstanbul","Sakız Ağacı Mahallesi Kennedy Caddesi, Hilton No:103","Art of Hair Muse ( Bay & Bayan Kuaför, Güzellik Salonu )","4.9",
"Bengü Güzellik salonu, Yeşilköy, Çekmece Cd. No:26, 34149 Bakırköy/İstanbul, Türkiye","Bakırköy","TR",,"0x14caa2fc1393792f:0x55d3b700f5ed74d6","/g/11bx56642r","40.9595653","28.8202232","Çekmece Cd. No:26","+902125738327","(0212) 573 83 27","ChIJL3mTE_yiyhQR1nTt9QC301U","7pm","Saturday","9am","7pm","Friday","9am","7pm","Thursday","9am","7pm","Wednesday","9am","7pm","Tuesday","9am","7pm","Monday","9am",,"Sunday",,"7pm","Saturday","9am","34149","12","İstanbul","Çekmece Cd. No:26","Bengü Güzellik salonu","4.2",
"Epirise Güzellik Salonu, Zeytinlik, Yakut Sk. No:33 D:1, 34140 Bakırköy/İstanbul, Türkiye","Bakırköy","TR",,"0x14cabcafea504775:0xe0fa1c541be0a078","/g/11c1n6gy9c","40.9785023","28.8699823","Yakut Sk. No:33 D:1","+905354184742","0535 418 47 42","ChIJdUdQ6q-8yhQReKDgG1Qc-uA",,"Saturday","Eid al-Adha hours","8pm","Friday","10am","8pm","Thursday","10am","8pm","Wednesday","10am","8pm","Tuesday","10am","8pm","Monday","10am",,"Sunday",,,"Saturday","Eid al-Adha hours","34140","50","İstanbul","Yakut Sk. No:33 D:1","Epirise Güzellik Salonu","4.8",
"His Beauty Sultangazi Lazer Epilasyon, Cilt Bakımı , Kalıcı Makyaj ve Güzellik Merkezi, Cebeci, Eski Edirne Asf. No:682/1 K:3, 34270 Sultangazi/İstanbul, Türkiye","Sultangazi","TR",,"0x14cab1bfdde01795:0xcd6d5eb11dc3a984","/g/11qq71ncft","41.1068756","28.8604275","Eski Edirne Asf. No:682/1 K:3","+905357929736","0535 792 97 36","ChIJlRfg3b-xyhQRhKnDHbFebc0","7:30pm","Saturday","9am","7:30pm","Friday","9am","7:30pm","Thursday","9am","7:30pm","Wednesday","9am","7:30pm","Tuesday","9am","7:30pm","Monday","9am","7:30pm","Sunday","9am","7:30pm","Saturday","9am","34270","571","İstanbul","Eski Edirne Asf. No:682/1 K:3","His Beauty Sultangazi Lazer Epilasyon, Cilt Bakımı , Kalıcı Makyaj ve Güzellik Merkezi","4.7",
"Sevil Beauty Güzellik Merkezi, Cevizlik, Hamam Sk. No:43/2, 34142 Bakırköy/İstanbul, Türkiye","Bakırköy","TR",,"0x14cabd08fe492843:0x885cf5db68556c5d","/g/11xdrjj01f","40.980506","28.87582","Hamam Sk. No:43/2","+905469079273","0546 907 92 73","ChIJQyhJ_gi9yhQRXWxVaNv1XIg","8pm","Saturday","9am","8pm","Friday","9am","8pm","Thursday","9am","8pm","Wednesday","9am","8pm","Tuesday","9am","8pm","Monday","9am","8pm","Sunday","9am","8pm","Saturday","9am","34142","31","İstanbul","Hamam Sk. No:43/2","Sevil Beauty Güzellik Merkezi","4.9",
"Senorita Zeytinburnu, Gökalp, 58. Bulvar Cd. No:55/5, 34025 Zeytinburnu/İstanbul, Türkiye","Zeytinburnu","TR",,"0x14cabb7664d1a59b:0xab2e9bc3c1a44169","/g/11clvt1nwz","40.9910495","28.9038957","58. Bulvar Cd. No:55/5","+902125100203","(0212) 510 02 03","ChIJm6XRZHa7yhQRaUGkwcObLqs","7pm","Saturday","10am","7pm","Friday","10am","7pm","Thursday","10am","7pm","Wednesday","10am","7pm","Tuesday","10am","7pm","Monday","10am",,"Sunday",,"7pm","Saturday","10am","34025","138","İstanbul","58. Bulvar Cd. No:55/5","Senorita Zeytinburnu","4.4",
"Bakırköy Güzellik Merkezi (Altın Beauty), Zeytinlik Mah. Fişhane Cd. 32 /D:1 İşçen Apt, 34140 Bakırköy/İstanbul, Türkiye","Bakırköy","TR",,"0x14cabdcd606c59e7:0x3babb4cdcf24e25c","/g/11ptyvndz0","40.9782913","28.8719836","Zeytinlik Mah. Fişhane Cd. 32 /D:1 İşçen Apt","+905550233159","0555 023 31 59","ChIJ51lsYM29yhQRXOIkz820qzs","8pm","Saturday","10am","8pm","Friday","10am","8pm","Thursday","10am","8pm","Wednesday","10am","8pm","Tuesday","10am","8pm","Monday","10am","7pm","Sunday","11am","8pm","Saturday","10am","34140","57","İstanbul","Zeytinlik Mah. Fişhane Cd. 32 /D:1 İşçen Apt","Bakırköy Güzellik Merkezi (Altın Beauty)","4.2",
"Ezgi Aslan Güzellik Salonu, İsmetpaşa, 52. Sk. no:1 daire:4 kat:3, 34270 Sultangazi/İstanbul, Türkiye","Sultangazi","TR",,"0x21e1e3ec41762571:0xd05ade06d5ab4c6d","/g/11tslr6g9j","41.1071437","28.8599721","52. Sk. no:1 daire:4 kat:3","+905345493757","0534 549 37 57","ChIJcSV2Qezj4SERbUyr1QbeWtA","7:30pm","Saturday","9:30am","7:30pm","Friday","9:30am","7:30pm","Thursday","9:30am","7:30pm","Wednesday","9:30am",,"Tuesday",,"7:30pm","Monday","9:30am","7:30pm","Sunday","9:30am","7:30pm","Saturday","9:30am","34270","423","İstanbul","52. Sk. no:1 daire:4 kat:3","Ezgi Aslan Güzellik Salonu","4.9",
"Songül Yıldırım Güzellik, Ümit apartmanı, Zeytinlik mahallesi Fişekhane Caddesi, Yakutlu Sok. No:1, 34140 Bakırköy/İstanbul, Türkiye","Bakırköy","TR",,"0x14caa53c192c401f:0x54c0e492f253bc3d","/g/11h4whrjz6","40.9782052","28.870357","Ümit apartmanı, Zeytinlik mahallesi Fişekhane Caddesi, Yakutlu Sok. No:1","+902126515107","(0212) 651 51 07","ChIJH0AsGTylyhQRPbxT8pLkwFQ","8pm","Saturday","10am","8pm","Friday","10am","8pm","Thursday","10am","8pm","Wednesday","10am","8pm","Tuesday","10am","8pm","Monday","10am",,"Sunday",,"8pm","Saturday","10am","34140","92","İstanbul","Ümit apartmanı, Zeytinlik mahallesi Fişekhane Caddesi, Yakutlu Sok. No:1","Songül Yıldırım Güzellik","4.7",
"Medi Charme - Güzellik Salonu, Zuhuratbaba, Şükran Çiftliği Sk. No:31 İç Kapı No:2, 34140 Bakırköy/İstanbul, Türkiye","Bakırköy","TR",,"0x14cabdf7c9c947b7:0x4e13a48bf20ff108","/g/11y5zs3lm2","40.9809838","28.8705768","Şükran Çiftliği Sk. No:31 İç Kapı No:2","+905461322656","0546 132 26 56","ChIJt0fJyfe9yhQRCPEP8oukE04","7:30pm","Saturday","10am","7:30pm","Friday","10am","7:30pm","Thursday","10am","7:30pm","Wednesday","10am","7:30pm","Tuesday","10am","7:30pm","Monday","10am","7:30pm","Sunday","10am","7:30pm","Saturday","10am","34140","27","İstanbul","Şükran Çiftliği Sk. No:31 İç Kapı No:2","Medi Charme - Güzellik Salonu","5",
"Cemile Gülsüm Estetik Ve Güzellik Salonu - Bakırköy/İstanbul, Nef 22 Ataköy 7-8-9-10.kısım Çoban Caddesi, 34158 Bakırköy/İstanbul, Türkiye","Bakırköy","TR",,"0x14caba180df563ef:0xc70d0cc0a69822ca","/g/11bbwl0fz3","40.991805","28.8339485","Nef 22 Ataköy 7-8-9-10.kısım Çoban Caddesi","+905526320696","0552 632 06 96","ChIJ72P1DRi6yhQRyiKYpsAMDcc","8pm","Saturday","9am","8pm","Friday","9am","8pm","Thursday","9am","8pm","Wednesday","9am","8pm","Tuesday","9am","8pm","Monday","9am","8pm","Sunday","9am","8pm","Saturday","9am","34158","34","İstanbul","Nef 22 Ataköy 7-8-9-10.kısım Çoban Caddesi","Cemile Gülsüm Estetik Ve Güzellik Salonu - Bakırköy/İstanbul","4.9",
"Tülay Yılmaz Tırnak & Güzellik Salonu, Sakızağacı, İstanbul Cd. no:48, 34100 Bakırköy/İstanbul, Türkiye","Bakırköy","TR",,"0x14cabd52952925d1:0xba29f43f9f758638","/g/11vzfc8hhl","40.9785374","28.8784536","İstanbul Cd. no:48","+905074280011","0507 428 00 11","ChIJ0SUplVK9yhQROIZ1nz_0Kbo","10pm","Saturday","9am","10pm","Friday","9am","10pm","Thursday","9am","10pm","Wednesday","9am","10pm","Tuesday","9am","10pm","Monday","9am","10pm","Sunday","9am","10pm","Saturday","9am","34100","23","İstanbul","İstanbul Cd. no:48","Tülay Yılmaz Tırnak & Güzellik Salonu","5",
"Alibeyköy Güzellik Salonu, Karadolap, Neşeli Sk. No:15 E, 34170 Eyüpsultan/İstanbul, Türkiye","Eyüpsultan","TR",,"0x14cab13f1bf8b7bd:0xcab1e597181cb2b6","/g/11p02qyrw0","41.0789129","28.9277078","Neşeli Sk. No:15 E","+905079848111","0507 984 81 11","ChIJvbf4Gz-xyhQRtrIcGJflsco","7:30pm","Saturday","9:30am","7:30pm","Friday","9:30am","7:30pm","Thursday","9:30am","7:30pm","Wednesday","9:30am","7:30pm","Tuesday","9:30am","7:30pm","Monday","9:30am",,"Sunday",,"7:30pm","Saturday","9:30am","34170","142","İstanbul","Neşeli Sk. No:15 E","Alibeyköy Güzellik Salonu","4.9",
"İMD Beauty - Güzellik Merkezi, Zuhuratbaba, İncirli Cd. Özer No: 29 İç Kapı No: 4, 34147 Bakırköy/İstanbul, Türkiye","Bakırköy","TR",,"0x14cabd4895c1dad1:0xcd3c697118580414","/g/11zk8gb_yy","40.9853534","28.8721149","İncirli Cd. Özer No: 29 İç Kapı No: 4","+905368998849","0536 899 88 49","ChIJ0drBlUi9yhQRFARYGHFpPM0","8pm","Saturday","9am","7pm","Friday","9am","7pm","Thursday","9am","7pm","Wednesday","9am","7pm","Tuesday","9am","7pm","Monday","9am","7pm","Sunday","9am","8pm","Saturday","9am","34147","7","İstanbul","İncirli Cd. Özer No: 29 İç Kapı No: 4","İMD Beauty - Güzellik Merkezi","4.4",
"Ozel Yasmin Poliklinigi, Gayrettepe, Barbaros Blv. Doktor Orhan Birman iş Merkezi No;149/ 1, 34349 Beşiktaş/İstanbul, Türkiye","Beşiktaş","TR",,"0x14cab7aba0cf90fd:0xd5334b5072186648","/g/11b6h_ddss","41.0600123","29.0105088","Barbaros Blv. Doktor Orhan Birman iş Merkezi No;149/ 1","+902122752985","(0212) 275 29 85","ChIJ_ZDPoKu3yhQRSGYYclBLM9U","6:30pm","Saturday","9:30am","7:30pm","Friday","9:30am","7:30pm","Thursday","9:30am","7:30pm","Wednesday","9:30am","7:30pm","Tuesday","9:30am","7:30pm","Monday","9:30am",,"Sunday",,"6:30pm","Saturday","9:30am","34349","180","İstanbul","Barbaros Blv. Doktor Orhan Birman iş Merkezi No;149/ 1","Ozel Yasmin Poliklinigi","4.9",
"Cadde Güzellik Merkezi, Caddebostan, Bağdat Cad. No:354, 34728, 34728 Kadıköy/İstanbul, Türkiye","Kadıköy","TR",,"0x14cac7a06067c165:0x152069bf5ff4bb5a","/g/11j37pctvl","40.9640971","29.0736023","Bağdat Cad. No:354, 34728","+905549633157","0554 963 31 57","ChIJZcFnYKDHyhQRWrv0X79pIBU","7pm","Saturday","9am","7pm","Friday","9am","7pm","Thursday","9am","7pm","Wednesday","9am","7pm","Tuesday","9am",,"Monday",,,"Sunday",,"7pm","Saturday","9am","34728","43","İstanbul","Bağdat Cad. No:354, 34728","Cadde Güzellik Merkezi","4.9",
"Cleanderm Güzellik Merkezi, Zuhuratbaba, İncirli Cd. No:85 D:8, 34147 Bakırköy/İstanbul, Türkiye","Bakırköy","TR",,"0x14cabb50ec656793:0x99f15e7666122e2e","/g/11f3nm8hbw","40.993143","28.86965","İncirli Cd. No:85 D:8","+902126606166","(0212) 660 61 66","ChIJk2dl7FC7yhQRLi4SZnZe8Zk","7pm","Saturday","9am","7pm","Friday","9am","7pm","Thursday","9am","7pm","Wednesday","9am","7pm","Tuesday","9am","7pm","Monday","9am",,"Sunday",,"7pm","Saturday","9am","34147","33","İstanbul","İncirli Cd. No:85 D:8","Cleanderm Güzellik Merkezi","5",
"Aykız'da Güzellik - Ataköy Güzellik Salonu, Çobançeşme E-5 Yanyol, Nivo Ataköy A Blok Daire 116, Airport AVM Yanı, 34156 Bakırköy/İstanbul, Türkiye","Bakırköy","TR",,"0x14caa35f8a29d611:0x4781160c37423e2b","/g/11smkbsm5l","40.9920218","28.8294862","Çobançeşme E-5 Yanyol, Nivo Ataköy A Blok Daire 116, Airport AVM Yanı","+905518375194","0551 837 51 94","ChIJEdYpil-jyhQRKz5CNwwWgUc","10pm","Saturday","8am","10pm","Friday","8am","10pm","Thursday","8am","10pm","Wednesday","8am","8pm","Tuesday","9:30am","10pm","Monday","8am","10pm","Sunday","8am","10pm","Saturday","8am","34156","41","İstanbul","Çobançeşme E-5 Yanyol, Nivo Ataköy A Blok Daire 116, Airport AVM Yanı","Aykız'da Güzellik - Ataköy Güzellik Salonu","4.7",
"Tan Güzellik Salonu, Cevizlik, İstanbul Cd. no:27 kat:1, 34142 Bakırköy/İstanbul, Türkiye","Bakırköy","TR",,"0x14cabca4640eeedb:0x57b59be7c6f3f163","/g/11fz2wckhr","40.9786216","28.8761107","İstanbul Cd. no:27 kat:1","+905538754390","0553 875 43 90","ChIJ2-4OZKS8yhQRY_HzxuebtVc","8pm","Saturday","9am","8pm","Friday","9am","8pm","Thursday","9am","8pm","Wednesday","9am","8pm","Tuesday","9am","8pm","Monday","9am",,"Sunday",,"8pm","Saturday","9am","34142","53","İstanbul","İstanbul Cd. no:27 kat:1","Tan Güzellik Salonu","5",
"Sıla Özben Güzellik Salonu, Atakent, Güleryüz Sk. no:38, 34764 Ümraniye/İstanbul, Türkiye","Ümraniye","TR",,"0x14cac94c172c13a9:0xb3e4a84597c5ab55","/g/11vldswd10","41.023825","29.107267","Güleryüz Sk. no:38","+905386627102","0538 662 71 02","ChIJqRMsF0zJyhQRVavFl0Wo5LM","7pm","Saturday","8am","7pm","Friday","8am","7pm","Thursday","8am","7pm","Wednesday","8am","7pm","Tuesday","8am","7pm","Monday","8am","7pm","Sunday","8am","7pm","Saturday","8am","34764","269","İstanbul","Güleryüz Sk. no:38","Sıla Özben Güzellik Salonu","4.9",
"Alara Beauty Salon, Bağlarbaşı, İkinci İlkokul Cd. No:29, 34844 Maltepe/İstanbul, Türkiye","Maltepe","TR",,"0x14cac42141cabfef:0x6a9960cfac0c47aa","/g/1hc5pmxts","40.9220676","29.1326368","İkinci İlkokul Cd. No:29","+905393423487","0539 342 34 87","ChIJ77_KQSHEyhQRqkcMrM9gmWo","7:30pm","Saturday","9am","7:30pm","Friday","9am","7:30pm","Thursday","9am","7:30pm","Wednesday","9am","7:30pm","Tuesday","9am","7:30pm","Monday","9am","7pm","Sunday","10:30am","7:30pm","Saturday","9am","34844","153","İstanbul","İkinci İlkokul Cd. No:29","Alara Beauty Salon","4.7",
"Nişantaşı’nda kaliteli hizmet, hijyen ve profesyonellikle öne çıkan güzellik salonu: Leyla İnanır farkıyla., Halaskargazi, Rumeli Cd. No:20 D:3, 34365 Şişli/İstanbul, Türkiye","Şişli","TR",,"0x14cab70e5cd3a179:0xdd34576368c73ce5","/g/113jkzg4x","41.0527771","28.9901857","Rumeli Cd. No:20 D:3","+905525670000","0552 567 00 00","ChIJeaHTXA63yhQR5TzHaGNXNN0","7pm","Saturday","10am","7pm","Friday","10am","7pm","Thursday","10am","7pm","Wednesday","10am","7pm","Tuesday","10am","7pm","Monday","10am",,"Sunday",,"7pm","Saturday","10am","34365","139","İstanbul","Rumeli Cd. No:20 D:3","Nişantaşı’nda kaliteli hizmet, hijyen ve profesyonellikle öne çıkan güzellik salonu: Leyla İnanır farkıyla.","4.9",
"Woles Güzellik Merkezi, Şirinevler, Adnan Kahveci Blv. No:224 Kat :1 Daire :6, 34188 Bahçelievler/İstanbul, Türkiye","Bahçelievler","TR",,"0x14caa3341cea683b:0xc52784dd9bf7168e","/g/11xmv3vcx7","40.9921844","28.846244","Adnan Kahveci Blv. No:224 Kat :1 Daire :6","+905316481488","0531 648 14 88","ChIJO2jqHDSjyhQRjhb3m92EJ8U","8pm","Saturday","10am","8pm","Friday","10am","8pm","Thursday","10am","8pm","Wednesday","10am","8pm","Tuesday","10am","8pm","Monday","10am","8pm","Sunday","10am","8pm","Saturday","10am","34188","32","İstanbul","Adnan Kahveci Blv. No:224 Kat :1 Daire :6","Woles Güzellik Merkezi","4.3",
"Berna Beauty Güzellik ve Zayıflama Salonu, Sahrayıcedit Mah, Atatürk Cd. Dilkum Sitesi No:55/C D:5. Blok, 34734 Kadıköy/İstanbul, Türkiye","Kadıköy","TR",,"0x14cac7cc12716755:0xf897018470b5c59b","/g/11s4ybjy8t","40.9814997","29.0874497","Atatürk Cd. Dilkum Sitesi No:55/C D:5. Blok","+905303035620","0530 303 56 20","ChIJVWdxEszHyhQRm8W1cIQBl_g","7:30pm","Saturday","9am","7:30pm","Friday","9am","7:30pm","Thursday","9am","7:30pm","Wednesday","9am","7:30pm","Tuesday","9am","7:30pm","Monday","9:30am",,"Sunday",,"7:30pm","Saturday","9am","34734","87","İstanbul","Atatürk Cd. Dilkum Sitesi No:55/C D:5. Blok","Berna Beauty Güzellik ve Zayıflama Salonu","4.6",
"Merray Güzellik, ZEYTİNLİK MAHALLESİ TÜRKÇÜ SOKAK NO 6/1 A BLOK, D:KAT 4 DAİRE 14, 34140 Bakırköy/İstanbul, Türkiye","Bakırköy","TR",,"0x14cabbe342590c3d:0xe59394c7d358605a","/g/11h_bmyxsc","40.9787538","28.8725449","ZEYTİNLİK MAHALLESİ TÜRKÇÜ SOKAK NO 6/1 A BLOK, D:KAT 4 DAİRE 14","+905550527411","0555 052 74 11","ChIJPQxZQuO7yhQRWmBY08eUk-U","7pm","Saturday","11am","7pm","Friday","11am","7pm","Thursday","11am","7pm","Wednesday","11am","7pm","Tuesday","11am","7pm","Monday","11am",,"Sunday",,"7pm","Saturday","11am","34140","114","İstanbul","ZEYTİNLİK MAHALLESİ TÜRKÇÜ SOKAK NO 6/1 A BLOK, D:KAT 4 DAİRE 14","Merray Güzellik","4.4",
"Esthetiqal Güzellik Merkezi, Pashacity sitesi, Merkez, Kültür Cd No:4E D:34200, 34245 Gaziosmanpaşa/İstanbul, Türkiye","Gaziosmanpaşa","TR",,"0x14cab152d09349b5:0x4cc38f210dced4d4","/g/11qnz4x_0y","41.059102","28.9067038","Pashacity sitesi, Kültür Cd No:4E D:34200","+905367777676","0536 777 76 76","ChIJtUmT0FKxyhQR1NTODSGPw0w","8pm","Saturday","9:30am","8pm","Friday","9:30am","8pm","Thursday","9:30am","8pm","Wednesday","9:30am","8pm","Tuesday","9:30am","8pm","Monday","9:30am",,"Sunday",,"8pm","Saturday","9:30am","34245","151","İstanbul","Pashacity sitesi, Kültür Cd No:4E D:34200","Esthetiqal Güzellik Merkezi","4.9",
"Lu Güzellik Merkezi, Bebek Mah, Yeniyol, Çıkmaz Sk. No:2, 34342 Beşiktaş, Türkiye","Beşiktaş","TR",,"0x14cab7887f8e3ddf:0xeab4bc50a63fd589","/g/11fktqs3qt","41.07978","29.045116","Bebek Mah, Çıkmaz Sk. No:2","+902122570033","(0212) 257 00 33","ChIJ3z2Of4i3yhQRidU_plC8tOo","7pm","Saturday","9am","7pm","Friday","9am","7pm","Thursday","9am","7pm","Wednesday","9am","7pm","Tuesday","9am","7pm","Monday","9am",,"Sunday",,"7pm","Saturday","9am","34342","225","İstanbul","Bebek Mah, Çıkmaz Sk. No:2","Lu Güzellik Merkezi","4.9",
"EMİNE KIZILAĞIL BEAUTY STUDİO, Atatürk, Ahmet Mert Sk. No: 4 D:1, 34764 Ümraniye/İstanbul, Türkiye","Ümraniye","TR",,"0x14cac9f18d00ab27:0x1676af98196d270e","/g/11tjlcwrkw","41.0244357","29.0874337","Ahmet Mert Sk. No: 4 D:1","+905304972358","0530 497 23 58","ChIJJ6sAjfHJyhQRDidtGZivdhY","8pm","Saturday","10am","8pm","Friday","10am","8pm","Thursday","10am","8pm","Wednesday","10am","8pm","Tuesday","10am","8pm","Monday","10am","8pm","Sunday","10am","8pm","Saturday","10am","34764","168","İstanbul","Ahmet Mert Sk. No: 4 D:1","EMİNE KIZILAĞIL BEAUTY STUDİO","4.8",
"Yıldızca Beauty - Şirinevler Güzellik Merkezi, Şirinevler, Meriç Sk Özaltın İşmerkezi NO:16 / kat 6, 34188 Bahçelievler/İstanbul, Türkiye","Bahçelievler","TR",,"0x14cabb9412e7c823:0x8e1c90d0797cc216","/g/11svnktk16","40.9923278","28.8439157","Meriç Sk Özaltın İşmerkezi NO:16 / kat 6","+905325410472","0532 541 04 72","ChIJI8jnEpS7yhQRFsJ8edCQHI4","8pm","Saturday","10am","8pm","Friday","10am","8pm","Thursday","10am","8pm","Wednesday","10am","8pm","Tuesday","10am","8pm","Monday","10am","8pm","Sunday","10am","8pm","Saturday","10am","34188","171","İstanbul","Meriç Sk Özaltın İşmerkezi NO:16 / kat 6","Yıldızca Beauty - Şirinevler Güzellik Merkezi","4.4",
"Derya Dolu Güzellik Merkezi, Şirinevler Mah. Fetih Cad. Taşhan Apt. No:48/11, 34188 Bahçelievler/İstanbul, Türkiye","Bahçelievler","TR",,"0x14caa5518c9afc85:0x825ff824b1c45a1f","/g/11rd2p51hx","40.9952131","28.8478272","Şirinevler Mah. Fetih Cad. Taşhan Apt. No:48/11","+905331458817","0533 145 88 17","ChIJhfyajFGlyhQRH1rEsST4X4I","8pm","Saturday","9am","8pm","Friday","9am","8pm","Thursday","9am","8pm","Wednesday","9am","8pm","Tuesday","9am","8pm","Monday","9am",,"Sunday",,"8pm","Saturday","9am","34188","21","İstanbul","Şirinevler Mah. Fetih Cad. Taşhan Apt. No:48/11","Derya Dolu Güzellik Merkezi","5",
"Caren Güzellik Salonu, Armağanevler, 23 Nisan Cd. No:46, 34760 Ümraniye/İstanbul, Türkiye","Ümraniye","TR",,"0x14cac8e9d8514def:0x1fcdd0e24e883706","/g/11fr3lwbb0","41.0184542","29.1156383","23 Nisan Cd. No:46","+905385156458","0538 515 64 58","ChIJ701R2OnIyhQRBjeITuLQzR8","7pm","Saturday","10am","7pm","Friday","10am",,"Thursday",,"7pm","Wednesday","10am","7pm","Tuesday","10am","7pm","Monday","10am",,"Sunday",,"7pm","Saturday","10am","34760","281","İstanbul","23 Nisan Cd. No:46","Caren Güzellik Salonu","4.9",
"EZO GÜZELLİK - Güzellik Salonu, yavuz işhanı ve pasajı, Zeytinlik, Halkçı Sk. No:30 kat 3 daire 77, 34140 Bakırköy/İstanbul, Türkiye","Bakırköy","TR",,"0x14cabb34893d390f:0xad10ea4dcb84c15c","/g/11wvzck9xq","40.9797962","28.8730533","yavuz işhanı ve pasajı, Halkçı Sk. No:30 kat 3 daire 77","+905301107889","0530 110 78 89","ChIJDzk9iTS7yhQRXMGEy03qEK0","5:30pm","Saturday","10:30am","5:30pm","Friday","10:30am","6pm","Thursday","9am","5:30pm","Wednesday","10:30am","5:30pm","Tuesday","10:30am","5:30pm","Monday","10:30am",,"Sunday",,"5:30pm","Saturday","10:30am","34140","14","İstanbul","yavuz işhanı ve pasajı, Halkçı Sk. No:30 kat 3 daire 77","EZO GÜZELLİK - Güzellik Salonu","5",
"Melody Beauty & Nail Art, yesilkoy bakirkoy, Yeşilköy, İstasyon Cd, No: 22, D:4, Kat:1, 34149 Bakırköy/İstanbul QNB Finansbank Üstü, 34599 İstanbul, Türkiye","Bakırköy","TR",,"0x14caa3472f2ce9d9:0xa246368b31903959","/g/11pvgd7m6m","40.959883","28.823304","yesilkoy bakirkoy, Yeşilköy, İstasyon Cd, No: 22, D:4, Kat:1, 34149 Bakırköy/İstanbul QNB Finansbank Üstü","+905392434770","0539 243 47 70","ChIJ2eksL0ejyhQRWTmQMYs2RqI","5pm","Saturday","10am","8pm","Friday","10am","8pm","Thursday","10am","8pm","Wednesday","10am","8pm","Tuesday","10am","8pm","Monday","10am",,"Sunday",,"5pm","Saturday","10am","34599","61","İstanbul","yesilkoy bakirkoy, Yeşilköy, İstasyon Cd, No: 22, D:4, Kat:1, 34149 Bakırköy/İstanbul QNB Finansbank Üstü","Melody Beauty & Nail Art","4.5",
"Derin Güzellik Salonu, Zeytinlik Mahallesi, Fişekhane Caddesi, No:34 Ak, Apartmanı 3. Kat Daire:10, 34140 Bakırköy/İstanbul, Türkiye","Bakırköy","TR",,"0x14cabd99ca1da8b3:0x868db37e41b8962c","/g/11j_666ns_","40.9782972","28.8719066","Zeytinlik Mahallesi, Fişekhane Caddesi, No:34 Ak, Apartmanı 3. Kat Daire:10","+905468405831","0546 840 58 31","ChIJs6gdypm9yhQRLJa4QX6zjYY","7pm","Saturday","9am","7pm","Friday","9am","7pm","Thursday","9am","7pm","Wednesday","9am","7pm","Tuesday","9am","7pm","Monday","9am",,"Sunday",,"7pm","Saturday","9am","34140","13","İstanbul","Zeytinlik Mahallesi, Fişekhane Caddesi, No:34 Ak, Apartmanı 3. Kat Daire:10","Derin Güzellik Salonu","5",
"Glow House Beauty Studio Güzellik ve Bakım Stüdyosu, Hacımimi, Kemeraltı Cd. Kalaycıoğlu İş Hanı No: 35/A Kat: 4, 34425 Beyoğlu/İstanbul, Türkiye","Beyoğlu","TR",,"0x14cab95760dfca79:0x493ff057dcec0d6a","/g/11k3kntpc1","41.0263431","28.978921","Kemeraltı Cd. Kalaycıoğlu İş Hanı No: 35/A Kat: 4","+905545903642","0554 590 36 42","ChIJecrfYFe5yhQRag3s3FfwP0k","7pm","Saturday","10am","7pm","Friday","10am","7pm","Thursday","10am","7pm","Wednesday","10am","7pm","Tuesday","10am","7pm","Monday","10am",,"Sunday",,"7pm","Saturday","10am","34425","119","İstanbul","Kemeraltı Cd. Kalaycıoğlu İş Hanı No: 35/A Kat: 4","Glow House Beauty Studio Güzellik ve Bakım Stüdyosu","4.6",
"DOLU DOLU GÜZELLİK SALONU | FATİH LAZER EPİLASYON | FATİH CİLT BAKIMI, Akşemsettin, Akdeniz Cd. 4/2 Kat: 2, 34080 Fatih/İstanbul, Türkiye","Fatih","TR",,"0x14caba2187810403:0x8ea1ea906ca3e6b8","/g/11c74fybqs","41.0196044","28.9470471","Akdeniz Cd. 4/2 Kat: 2","+905389256602","0538 925 66 02","ChIJAwSBhyG6yhQRuOajbJDqoY4","5pm","Saturday","10am","7pm","Friday","10am","7pm","Thursday","10am","7pm","Wednesday","10am","7pm","Tuesday","10am","7pm","Monday","10am",,"Sunday",,"5pm","Saturday","10am","34080","147","İstanbul","Akdeniz Cd. 4/2 Kat: 2","DOLU DOLU GÜZELLİK SALONU | FATİH LAZER EPİLASYON | FATİH CİLT BAKIMI","4.8",
"She Güzellik Salonu, Zeytinlik Zeytinlik Mahallesi Türkçü Sokak No:16/1 Ferah Palas B Blok Kat:4, 34140 Bakırköy/İstanbul, Türkiye","Bakırköy","TR",,"0x14cabcaff521c177:0x36931def5c3df30a","/g/11dd_8gpb0","40.9796814","28.8723788","Zeytinlik Zeytinlik Mahallesi Türkçü Sokak No:16/1 Ferah Palas B Blok Kat:4",,,"ChIJd8Eh9a-8yhQRCvM9XO8dkzY","7pm","Saturday","9am","7pm","Friday","9am","7pm","Thursday","9am","7pm","Wednesday","9am","7pm","Tuesday","9am","7pm","Monday","9am",,"Sunday",,"7pm","Saturday","9am","34140","14","İstanbul","Zeytinlik Zeytinlik Mahallesi Türkçü Sokak No:16/1 Ferah Palas B Blok Kat:4","She Güzellik Salonu","5",
"Leyla Biçici Beauty I Epilasyon I Bölgesel İncelme I Cilt Bakımı I Zayıflama I Çatlak Onarımı Striort, Osmanağa, Gen. Asım Gündüz Caddesi No:32 D:1, 34734 Kadıköy/İstanbul, Türkiye","Kadıköy","TR",,"0x14cab97f401e3863:0xd58ff45ff4f92033","/g/11fqbh7vv2","40.9890184","29.0286039","Gen. Asım Gündüz Caddesi No:32 D:1","+905432174440","0543 217 44 40","ChIJYzgeQH-5yhQRMyD59F_0j9U","8pm","Saturday","10am","8pm","Friday","10am","8pm","Thursday","10am","8pm","Wednesday","10am","8pm","Tuesday","10am","8pm","Monday","10am",,"Sunday",,"8pm","Saturday","10am","34734","172","İstanbul","Gen. Asım Gündüz Caddesi No:32 D:1","Leyla Biçici Beauty I Epilasyon I Bölgesel İncelme I Cilt Bakımı I Zayıflama I Çatlak Onarımı Striort","4.7",
"Ülkü Keleş | Microblading | Kaş Tasarımı | İğneli Epilasyon | Kaş Laminasyonu | Kalıcı Makyaj | Cilt Bakımı | Kirpik Lifting, Altunhan İş Merkezi, Küçük Çamlıca, Libadiye Cd. No:62/3, 34696 Üsküdar/İstanbul, Türkiye","Üsküdar","TR",,"0x14cab7b28eff8acf:0x68f3c5275264645c","/g/11fwz59wb5","41.0072263","29.0730602","Altunhan İş Merkezi, Libadiye Cd. No:62/3","+905335655952","0533 565 59 52","ChIJz4r_jrK3yhQRXGRkUifF82g","8pm","Saturday","10am","8pm","Friday","10am","7pm","Thursday","10am","6pm","Wednesday","10am","6pm","Tuesday","10am",,"Monday",,,"Sunday",,"8pm","Saturday","10am","34696","156","İstanbul","Altunhan İş Merkezi, Libadiye Cd. No:62/3","Ülkü Keleş | Microblading | Kaş Tasarımı | İğneli Epilasyon | Kaş Laminasyonu | Kalıcı Makyaj | Cilt Bakımı | Kirpik Lifting","4.6",
"ESMAÖZERBEAUTY, FERA BUSİNESS ÜMRANİYE KULE Namık kemal mah. Sütçü imam cad. N:32 K:4, D:27, 34762 Ümraniye/İstanbul, Türkiye","Ümraniye","TR",,"0x14cac916da09dd31:0x3d118fb641660c22","/g/11p5_dvjb0","41.0240412","29.0864883","FERA BUSİNESS ÜMRANİYE KULE Namık kemal mah. Sütçü imam cad. N:32 K:4, D:27","+905551875089","0555 187 50 89","ChIJMd0J2hbJyhQRIgxmQbaPET0","6pm","Saturday","11am","5pm","Friday","11am","5pm","Thursday","11am","5pm","Wednesday","11am","5pm","Tuesday","9am","5pm","Monday","11am",,"Sunday",,"6pm","Saturday","11am","34762","169","İstanbul","FERA BUSİNESS ÜMRANİYE KULE Namık kemal mah. Sütçü imam cad. N:32 K:4, D:27","ESMAÖZERBEAUTY","4.8",
"Arzu Tortoş Güzellik Merkezi, Zeytinlik, Yakut Sk. ERÇETİN PLAZA NO 24/22, 34750 Bakırköy/İstanbul, Türkiye","Bakırköy","TR",,"0x14cabd4efe2c43d3:0x35e41c2bd9d8635c","/g/11j09yygr8","40.9790315","28.8726047","Yakut Sk. ERÇETİN PLAZA NO 24/22","+905434026161","0543 402 61 61","ChIJ00Ms_k69yhQRXGPY2Ssc5DU","7pm","Saturday","9am","7pm","Friday","9am","7pm","Thursday","9am","7pm","Wednesday","9am","7pm","Tuesday","9am","7pm","Monday","9am","7pm","Sunday","9am","7pm","Saturday","9am","34750","36","İstanbul","Yakut Sk. ERÇETİN PLAZA NO 24/22","Arzu Tortoş Güzellik Merkezi","5",
"Se’Ar by Seda Arslan Güzellik Salonu, Zeytinlik, Taşevler Sk. No:2 Kat :3, 34600 Bakırköy/İstanbul, Türkiye","Bakırköy","TR",,"0x14cabd2091c45093:0x8cbc622ba15eca08","/g/11z2ssxj5f","40.9774468","28.8745595","Taşevler Sk. No:2 Kat :3","+905441849244","0544 184 92 44","ChIJk1DEkSC9yhQRCMpeoStivIw","7pm","Saturday","10am","7pm","Friday","10am","7pm","Thursday","10am","7pm","Wednesday","10am","7pm","Tuesday","10am","7pm","Monday","10am","7pm","Sunday","10am","7pm","Saturday","10am","34600","6","İstanbul","Taşevler Sk. No:2 Kat :3","Se’Ar by Seda Arslan Güzellik Salonu","5",
"Estestil Güzellik - Zeytinburnu Güzellik Merkezi, Gökalp, PROF.DR. MUAMMER AKSOY CAD NO:27, 34020 Zeytinburnu/İstanbul, Türkiye","Zeytinburnu","TR",,"0x14cabbd5c3f35eed:0x74f046e77360859f","/g/11y287qk4c","40.9944184","28.9099782","PROF.DR. MUAMMER AKSOY CAD NO:27","+905456461415","0545 646 14 15","ChIJ7V7zw9W7yhQRn4Vgc-dG8HQ","7pm","Saturday","9am","7pm","Saturday","9am",,,,,,,,,,,,,,,,,,,"34020",,"İstanbul","PROF.DR. MUAMMER AKSOY CAD NO:27","Estestil Güzellik - Zeytinburnu Güzellik Merkezi",,
"Lilys Beauty Studio Bostancı Kadıköy | Bölgesel Zayıflama | Cilt Bakımı | Lazer Epilasyon, Şen Apt, Bostancı, Tayyareci Resmi Sok. No:24, 34744 Kadıköy/İstanbul, Türkiye","Kadıköy","TR",,"0x14cac7935c72a11f:0x4fa77f92ff460ed3","/g/11tcp_4f3n","40.9555848","29.0948533","Şen Apt, Tayyareci Resmi Sok. No:24","+905309934413","0530 993 44 13","ChIJH6FyXJPHyhQR0w5G_5J_p08","6:30pm","Saturday","10am","6:30pm","Saturday","10am",,,,,,,,,,,,,,,,,,,"34744",,"İstanbul","Şen Apt, Tayyareci Resmi Sok. No:24","Lilys Beauty Studio Bostancı Kadıköy | Bölgesel Zayıflama | Cilt Bakımı | Lazer Epilasyon",,
"Starlife Beauty - Şirinevler Güzellik Merkezi, Hayat iş merkezi, Şirinevler, Adnan Kahveci Blv. No:224 Kat:2 Daire:7, 34188 Bahçelievler/İstanbul, Türkiye","Bahçelievler","TR",,"0x14caa33eb170633b:0xcb5735436f8d0fac","/g/11y_qvdthj","40.9921709","28.8463694","Hayat iş merkezi, Adnan Kahveci Blv. No:224 Kat:2 Daire:7","+905445428342","0544 542 83 42","ChIJO2NwsT6jyhQRrA-Nb0M1V8s","8pm","Saturday","9am","8pm","Friday","9am","8pm","Thursday","9am","8pm","Wednesday","9am","8pm","Tuesday","9am","8pm","Monday","9am","8pm","Sunday","9am","8pm","Saturday","9am","34188","30","İstanbul","Hayat iş merkezi, Adnan Kahveci Blv. No:224 Kat:2 Daire:7","Starlife Beauty - Şirinevler Güzellik Merkezi","5",
"ZEYNEP BAĞLASAN GÜZELLİK SALONU, Zafer, Beydağı Sk. 5B, 34194 Bahçelievler/İstanbul, Türkiye","Bahçelievler","TR",,"0x14caa342b4331ff3:0xb2b8467d6ad0c087","/g/11l1mn7bb6","40.9951434","28.8354014","Beydağı Sk. 5B","+905421922822","0542 192 28 22","ChIJ8x8ztEKjyhQRh8DQan1GuLI","8pm","Saturday","10am","8pm","Friday","10am","8pm","Thursday","10am","8pm","Wednesday","10am","8pm","Tuesday","10am","8pm","Monday","10am",,"Sunday",,"8pm","Saturday","10am","34194","140","İstanbul","Beydağı Sk. 5B","ZEYNEP BAĞLASAN GÜZELLİK SALONU","4.9",
"She-Ra Beauty - Kadın Güzellik Merkezi, Sarıkaya Apt, Şirinevler, Mahmutbey Cd. No:74, 34188 Bahçelievler/İstanbul, Türkiye","Bahçelievler","TR",,"0x14caa4a6b0bb0151:0xe67c94ea8c7505d5","/g/11w3rrx5k9","40.9981576","28.8428693","Sarıkaya Apt, Mahmutbey Cd. No:74","+902125517433","(0212) 551 74 33","ChIJUQG7sKakyhQR1QV1jOqUfOY","7pm","Saturday","10am","7pm","Friday","10am","7pm","Thursday","10am",,"Wednesday",,"7pm","Tuesday","10am","7pm","Monday","10am",,"Sunday",,"7pm","Saturday","10am","34188","78","İstanbul","Sarıkaya Apt, Mahmutbey Cd. No:74","She-Ra Beauty - Kadın Güzellik Merkezi","5",
"Lena Güzellik Salonu Ve Kuaför, Gökalp, 54/4. Sk. 22B, 34020 Zeytinburnu/İstanbul, Türkiye","Zeytinburnu","TR",,"0x14cabb004d3cb663:0x2894657c0baa9ab6","/g/11ydqhywt0","40.9936351","28.9035017","54/4. Sk. 22B","+905462987300","0546 298 73 00","ChIJY7Y8TQC7yhQRtpqqC3xllCg","8pm","Saturday","9am","8pm","Friday","9am","8pm","Thursday","9am","8pm","Wednesday","9am","8pm","Tuesday","9am",,"Monday",,"8pm","Sunday","9am","8pm","Saturday","9am","34020","103","İstanbul","54/4. Sk. 22B","Lena Güzellik Salonu Ve Kuaför","4.9",
"Mirella Estetik ve Güzellik Merkezi, Şirinevler, Hastane Cd No:30A, 34188 Bahçelievler/İstanbul, Türkiye","Bahçelievler","TR",,"0x14caa5497553c0f9:0xea35f1aa14161381","/g/11t9_xvm88","41.0057293","28.8459218","Hastane Cd No:30A","+905324497836","0532 449 78 36","ChIJ-cBTdUmlyhQRgRMWFKrxNeo","8pm","Saturday","9:30am","8pm","Friday","9:30am","8pm","Thursday","9:30am","8pm","Wednesday","9:30am","8pm","Tuesday","9:30am","8pm","Monday","9:30am","8pm","Sunday","9:30am","8pm","Saturday","9:30am","34188","40","İstanbul","Hastane Cd No:30A","Mirella Estetik ve Güzellik Merkezi","4.5",
"Zeynep Çopur Beauty, üzerinde ki Altınbaş Üni. Ve Starbucks, İncirli Cad 16 K 4 D9 İncirli cad yolu, Karşısı, 34145 Bakırköy/İstanbul, Türkiye","Bakırköy","TR",,"0x14cabdf18c4d26a3:0xbb675c62203b6dfe","/g/11smxr_5kf","40.9833695","28.8729286","üzerinde ki Altınbaş Üni. Ve Starbucks, İncirli Cad 16 K 4 D9 İncirli cad yolu, Karşısı","+905437608110","0543 760 81 10","ChIJoyZNjPG9yhQR_m07IGJcZ7s","8pm","Saturday","9:30am","8pm","Friday","9:30am","8pm","Thursday","9:30am","8pm","Wednesday","9:30am","8pm","Tuesday","9:30am","8pm","Monday","9:30am","8pm","Sunday","9:30am","8pm","Saturday","9:30am","34145","163","İstanbul","üzerinde ki Altınbaş Üni. Ve Starbucks, İncirli Cad 16 K 4 D9 İncirli cad yolu, Karşısı","Zeynep Çopur Beauty","4.7",
"Sibel İğci Estetik ve Güzellik Merkezi Ataköy Şube, Ataköy Nef22, 7-8-910 Kısım Mah. D-100, Güney Sk. B Blok K:16 D:310, 34203 Bakırköy/İstanbul, Türkiye","Bakırköy","TR",,"0x14caa31463a9a2bd:0xfcd99a4096203217","/g/11w2995vjm","40.9918195","28.8351823","Ataköy Nef22, 7-8-910 Kısım Mah. D-100, Güney Sk. B Blok K:16 D:310","+905451280122","0545 128 01 22","ChIJvaKpYxSjyhQRFzIglkCa2fw","7:30pm","Saturday","9am","7:30pm","Friday","9am","7:30pm","Thursday","9am","7:30pm","Wednesday","9am","7:30pm","Tuesday","9am",,"Monday",,,"Sunday",,"7:30pm","Saturday","9am","34203","65","İstanbul","Ataköy Nef22, 7-8-910 Kısım Mah. D-100, Güney Sk. B Blok K:16 D:310","Sibel İğci Estetik ve Güzellik Merkezi Ataköy Şube","4.2",
"Roos Davin Güzellik Salonu, Atlas Apt, Merkez, Abide-i Hürriyet Cd, 34010 Şişli/İstanbul, Türkiye","Şişli","TR",,"0x14cab6d12ab23411:0xd3e6ec0ddc66848b","/g/11bc7ctk7z","41.0599249","28.9866811","Atlas Apt, Abide-i Hürriyet Cd","+902122960058","(0212) 296 00 58","ChIJETSyKtG2yhQRi4Rm3A3s5tM","7pm","Saturday","9am","7pm","Friday","9am","7pm","Thursday","9am","7pm","Wednesday","9am","7pm","Tuesday","9am","7pm","Monday","9am",,"Sunday",,"7pm","Saturday","9am","34010","393","İstanbul","Atlas Apt, Abide-i Hürriyet Cd","Roos Davin Güzellik Salonu","4.7",
"Sevil Beauty, Prof, Göztepe, Fahrettin Kerim Gökay Cd Buharalı Ap No:238 Kat:2 Daire:5, 34730 Kadıköy/İstanbul, Türkiye","Kadıköy","TR",,"0x14cac73275558bdb:0x3790144cf833a3e4","/g/11vdtz072w","40.9809236","29.0708605","Prof, Fahrettin Kerim Gökay Cd Buharalı Ap No:238 Kat:2 Daire:5","+905427996121","0542 799 61 21","ChIJ24tVdTLHyhQR5KMz-EwUkDc","7pm","Saturday","9:30am","8:30pm","Friday","10am","7:30pm","Thursday","9:30am","8:30pm","Wednesday","10am","7:30pm","Tuesday","9:30am","8:30pm","Monday","10am",,"Sunday",,"7pm","Saturday","9:30am","34730","90","İstanbul","Prof, Fahrettin Kerim Gökay Cd Buharalı Ap No:238 Kat:2 Daire:5","Sevil Beauty","4.8",
"ASİA ÜSKÜDAR GÜZELLİK VE BAKIM, Sultantepe, Minyatür Sokağı No:1 D:A, 34674 Üsküdar/İstanbul, Türkiye","Üsküdar","TR",,"0x14cab71a7fc2a1a9:0x8bf29ed5a0ba0a7","/g/11wpl1m0jy","41.0258694","29.0202581","Minyatür Sokağı No:1 D:A","+905306262747","0530 626 27 47","ChIJqaHCfxq3yhQRp6ALWu0pvwg","7:30pm","Saturday","10am","7:30pm","Friday","10am","7:30pm","Thursday","10am","7:30pm","Wednesday","10am","7:30pm","Tuesday","10am","7pm","Monday","10am",,"Sunday",,"7:30pm","Saturday","10am","34674","145","İstanbul","Minyatür Sokağı No:1 D:A","ASİA ÜSKÜDAR GÜZELLİK VE BAKIM","4.5",
"Kadıköy Royal Güzellik Merkezi, Osmanağa, Gen. Asım Gündüz Caddesi No:44 Daire:8, 34714 Kadıköy/İstanbul, Türkiye","Kadıköy","TR",,"0x14cab9a7a4407bb1:0xdbf2a589578af0a9","/g/11r8xd8r1y","40.9885185","29.028568","Gen. Asım Gündüz Caddesi No:44 Daire:8","+905459013535","0545 901 35 35","ChIJsXtApKe5yhQRqfCKV4ml8ts","7:30pm","Saturday","10am","7:30pm","Friday","10am","7:30pm","Thursday","10am","7:30pm","Wednesday","10am","7:30pm","Tuesday","10am","7:30pm","Monday","10am",,"Sunday",,"7:30pm","Saturday","10am","34714","259","İstanbul","Gen. Asım Gündüz Caddesi No:44 Daire:8","Kadıköy Royal Güzellik Merkezi","4",
"Probeauty İstanbul Güzellik Salonu, Ali Nihat Tarlan Cad. No.81 Dedem Apt. Kat.1 No.4, 34728 Kadıköy/İstanbul, Türkiye","Kadıköy","TR",,"0x14cac7815d855a6b:0x367d5b05f5a0ff9f","/g/11h8dts9k3","40.961274","29.102444","Ali Nihat Tarlan Cad. No.81 Dedem Apt. Kat.1 No.4","+905331654597","0533 165 45 97","ChIJa1qFXYHHyhQRn_-g9QVbfTY","5pm","Saturday","10am","7pm","Friday","9am","7pm","Thursday","9am","7pm","Wednesday","9am","7pm","Tuesday","9am","7pm","Monday","9am",,"Sunday",,"5pm","Saturday","10am","34728","89","İstanbul","Ali Nihat Tarlan Cad. No.81 Dedem Apt. Kat.1 No.4","Probeauty İstanbul Güzellik Salonu","5",
"Sevgi Kocatürk Beauty, Ihlamurdere caddesi, Türkali, Mısırlı Sk. No:14, 34357 Beşiktaş/İstanbul, Türkiye","Beşiktaş","TR",,"0x14cab743ac8fd3fb:0x38878ae4be46b99b","/g/11j0yk6fyc","41.0461189","29.0021656","Ihlamurdere caddesi, Mısırlı Sk. No:14",,,"ChIJ-9OPrEO3yhQRm7lGvuSKhzg","8:30pm","Saturday","10:30am","8:30pm","Friday","10:30am","8:30pm","Thursday","10:30am","8:30pm","Wednesday","10:30am","8:30pm","Tuesday","10:30am","8:30pm","Monday","10:30am","8:30pm","Sunday","12","8:30pm","Saturday","10:30am","34357","56","İstanbul","Ihlamurdere caddesi, Mısırlı Sk. No:14","Sevgi Kocatürk Beauty","4.6",
"Beyhan Korkmaz Beauty Güzellik salonu, Şirinevler Mahallesi Fevzi Çakmak Caddesi 2.Sokak Daloğlu İş Merkezi Kat:3 No:13, 34197 Bahçelievler/İstanbul, Türkiye","Bahçelievler","TR",,"0x14caa1124abd317f:0x567df9fb95b09d0d","/g/11sghhxgmx","40.9930507","28.8467428","Şirinevler Mahallesi Fevzi Çakmak Caddesi 2.Sokak Daloğlu İş Merkezi Kat:3 No:13","+905457868518","0545 786 85 18","ChIJfzG9ShKhyhQRDZ2wlfv5fVY","8pm","Saturday","10am","8pm","Friday","10am","8pm","Thursday","10am","8pm","Wednesday","10am","8pm","Tuesday","10am","8pm","Monday","10am","8pm","Sunday","10am","8pm","Saturday","10am","34197","39","İstanbul","Şirinevler Mahallesi Fevzi Çakmak Caddesi 2.Sokak Daloğlu İş Merkezi Kat:3 No:13","Beyhan Korkmaz Beauty Güzellik salonu","4.9",
"Narin Alizade Güzellik Salonu ve Akademi, Sakızağacı, Kennedy Cad. 75a, 34142 Bakırköy/İstanbul, Türkiye","Bakırköy","TR",,"0x14cabd529a9041c5:0x3bc3bb18d4cfafa5","/g/11tsp3bwm8","40.9782457","28.8835161","Kennedy Cad. 75a","+905313908188","0531 390 81 88","ChIJxUGQmlK9yhQRpa_P1Bi7wzs","7pm","Saturday","10am","7pm","Friday","10am","7pm","Thursday","10am","7pm","Wednesday","10am","7pm","Tuesday","10am","7pm","Monday","10am","7pm","Sunday","10am","7pm","Saturday","10am","34142","11","İstanbul","Kennedy Cad. 75a","Narin Alizade Güzellik Salonu ve Akademi","4.2",
"Neka & Güzellik Salonu, Zeytinlik, Fişekhane Cd. Ataköy Palas Apt. D:7, 34140 Bakırköy/İstanbul, Türkiye","Bakırköy","TR",,"0x14cabcafe7f6c2f1:0x7ff4a99064a38eab","/g/11dd_ss49g","40.9781983","28.8698926","Fişekhane Cd. Ataköy Palas Apt. D:7","+905334774036","0533 477 40 36","ChIJ8cL256-8yhQRq46jZJCp9H8","5pm","Saturday","9am","7pm","Friday","9am","7pm","Thursday","9am","7pm","Wednesday","9am","7pm","Tuesday","9am","7pm","Monday","9am","7pm","Sunday","9am","5pm","Saturday","9am","34140","60","İstanbul","Fişekhane Cd. Ataköy Palas Apt. D:7","Neka & Güzellik Salonu","4.4",
"DFK GÜZELLİK MERKEZİ, Hürriyet, Güngören Sk. No:10 D:B, 34188 Bahçelievler/İstanbul, Türkiye","Bahçelievler","TR",,"0x14caa339d63c8d9f:0x95c7bad95fba8212","/g/11wnjn27jt","40.9936377","28.8418021","Güngören Sk. No:10 D:B","+905435273464","0543 527 34 64","ChIJn4081jmjyhQREoK6X9m6x5U","7:30pm","Saturday","10am","7:30pm","Friday","10am","7:30pm","Thursday","10am","7:30pm","Wednesday","10am","7:30pm","Tuesday","10am","7:30pm","Monday","10am",,"Sunday",,"7:30pm","Saturday","10am","34188","28","İstanbul","Güngören Sk. No:10 D:B","DFK GÜZELLİK MERKEZİ","4.9",
"Hatice'de Güzellik - Bakırköy Güzellik Salonu, Zeytinlik, ak Apartmanı, Fişekhane Cd. No:34 D:Kat 3 Daire 9, 34158 Bakırköy/İstanbul, Türkiye","Bakırköy","TR",,"0x14cabcae3da9fc17:0x339b95ac18025999","/g/11gfmckslr","40.9782972","28.8719066","Zeytinlik, ak Apartmanı, Fişekhane Cd. No:34 D:Kat 3 Daire 9","+905337319310","0533 731 93 10","ChIJF_ypPa68yhQRmVkCGKyVmzM","8pm","Saturday","10am","8pm","Friday","10am","8pm","Thursday","10am","8pm","Wednesday","10am","8pm","Tuesday","10am","8pm","Monday","10am",,"Sunday",,"8pm","Saturday","10am","34158","43","İstanbul","Zeytinlik, ak Apartmanı, Fişekhane Cd. No:34 D:Kat 3 Daire 9","Hatice'de Güzellik - Bakırköy Güzellik Salonu","4.3",
"Elya Guzellik, Şirinevler, Mareşal Fevzi Çakmak Cd. No:3, 34100 Bahçelievler/İstanbul, Türkiye","Bahçelievler","TR",,"0x14caa358b99d68f1:0x1e32652d05a3b7d4","/g/1hc3tz3gn","40.9925453","28.8454821","Mareşal Fevzi Çakmak Cd. No:3","+902125522224","(0212) 552 22 24","ChIJ8WiduVijyhQR1LejBS1lMh4","8pm","Saturday","10am","8pm","Friday","10am","8pm","Thursday","10am","8pm","Wednesday","10am","8pm","Tuesday","10am","8pm","Monday","10am","8pm","Sunday","10am","8pm","Saturday","10am","34100","19","İstanbul","Mareşal Fevzi Çakmak Cd. No:3","Elya Guzellik","4.7",
"Nuray & Ruveyde Yurur Guzellik Salonu, Caferağa, Ressam Şeref Akdik Sokağı No:32 D:B, 34710 Kadıköy/İstanbul, Türkiye","Kadıköy","TR",,"0x14cab86125572619:0xd792d8bb8b33290e","/g/113jhp6fm","40.9851173","29.0262993","Ressam Şeref Akdik Sokağı No:32 D:B","+902163308543","(0216) 330 85 43","ChIJGSZXJWG4yhQRDikzi7vYktc","7:30pm","Saturday","8:30am","7:30pm","Friday","8:30am","7:30pm","Thursday","8:30am","7:30pm","Wednesday","8:30am","7:30pm","Tuesday","8:30am","7:30pm","Monday","8:30am",,"Sunday",,"7:30pm","Saturday","8:30am","34710","50","İstanbul","Ressam Şeref Akdik Sokağı No:32 D:B","Nuray & Ruveyde Yurur Guzellik Salonu","4.3",
"Beauty Room Tarabya – Cilt Bakımı, Lazer Epilasyon & Bölgesel Zayıflama | Sarıyer, Ferahevler, Adnan Kahveci Caddesi Artı Tarabya Sitesi Suşehirliler Sokak numara 2AB, 34457 Sarıyer/İstanbul, Türkiye","Sarıyer","TR",,"0x14cab50726a5b1bd:0xeae684291a392141","/g/11p6148lgl","41.1321714","29.0401992","Ferahevler, Adnan Kahveci Caddesi Artı Tarabya Sitesi Suşehirliler Sokak numara 2AB","+905304981723","0530 498 17 23","ChIJvbGlJge1yhQRQSE5GimE5uo","8pm","Saturday","9am","8pm","Friday","9am","8pm","Thursday","9am","8pm","Wednesday","9am","8pm","Tuesday","9am","8pm","Monday","9am",,"Sunday",,"8pm","Saturday","9am","34457","132","İstanbul","Ferahevler, Adnan Kahveci Caddesi Artı Tarabya Sitesi Suşehirliler Sokak numara 2AB","Beauty Room Tarabya – Cilt Bakımı, Lazer Epilasyon & Bölgesel Zayıflama | Sarıyer","4.9",
"Hülya Yasan Güzellik Merkezi, Şirinevler Mahallesi Mareşal Fevzi Çakmak caddesi, Gediz Sk. No:5, 34188 Bahçelievler/İstanbul, Türkiye","Bahçelievler","TR",,"0x14caa38c125ed5fb:0xb2e9ef977bc81269","/g/11lchch48k","40.992699","28.8454445","Şirinevler Mahallesi Mareşal Fevzi Çakmak caddesi, Gediz Sk. No:5","+905333303183","0533 330 31 83","ChIJ-9VeEoyjyhQRaRLIe5fv6bI","8pm","Saturday","9am","8pm","Friday","9am","8pm","Thursday","9am",,"Wednesday",,"8pm","Tuesday","9am","8pm","Monday","9am","8pm","Sunday","9am","8pm","Saturday","9am","34188","55","İstanbul","Şirinevler Mahallesi Mareşal Fevzi Çakmak caddesi, Gediz Sk. No:5","Hülya Yasan Güzellik Merkezi","4.5",
"AS Beauty Ataşehir - Ataşehir Güzellik Merkezi, Karademir İş Merkezi, Küçükbakkalköy, Kayışdağı Cd. No:69/4 Kat:3 Daire:3, 34750 Ataşehir/İstanbul, Türkiye","Ataşehir","TR",,"0x14cac70a7057fb13:0x18c75256aa8fb4b8","/g/11wvnr5_qp","40.9791552","29.1127358","Karademir İş Merkezi, Kayışdağı Cd. No:69/4 Kat:3 Daire:3","+905308943732","0530 894 37 32","ChIJE_tXcArHyhQRuLSPqlZSxxg","7pm","Saturday","8:30am","7pm","Friday","8:30am","7pm","Thursday","8:30am","7pm","Wednesday","8:30am","7pm","Tuesday","8:30am","7pm","Monday","8:30am",,"Sunday",,"7pm","Saturday","8:30am","34750","25","İstanbul","Karademir İş Merkezi, Kayışdağı Cd. No:69/4 Kat:3 Daire:3","AS Beauty Ataşehir - Ataşehir Güzellik Merkezi","4.8",
"Zişa Güzellik Salonu, Zafer Mahallesi, Yenibosna Merkez, Yıldırım Beyazıt Cd. No:68, 34194 Bahçelievler/İstanbul, Türkiye","Bahçelievler","TR",,"0x14caa525c686db77:0x5994cac35ab87cc2","/g/11pdqjrbnd","40.9988491","28.8345877","Zafer Mahallesi, Yıldırım Beyazıt Cd. No:68","+905343747252","0534 374 72 52","ChIJd9uGxiWlyhQRwny4WsPKlFk","8pm","Saturday","10am","8pm","Friday","10am","8pm","Thursday","10am","8pm","Wednesday","10am","8pm","Tuesday","10am","8pm","Monday","10am",,"Sunday",,"8pm","Saturday","10am","34194","23","İstanbul","Zafer Mahallesi, Yıldırım Beyazıt Cd. No:68","Zişa Güzellik Salonu","4.5",
"Beauty Art Güzellik, Deniz Apartmanı, Nişantaşı, Teşvikiye, Abdi İpekçi Cd. No:32 Kat:3 D:7, 34367 Şişli/İstanbul, Türkiye","Şişli","TR",,"0x14cab70c6bfe56d7:0xaf2bfb0182cf3336","/g/11dxnryvmx","41.048691","28.9924624","Deniz Apartmanı, Nişantaşı, Abdi İpekçi Cd. No:32 Kat:3 D:7","+905321583901","0532 158 39 01","ChIJ11b-awy3yhQRNjPPggH7K68","9pm","Saturday","9:30am","9pm","Friday","9:30am","9pm","Thursday","9:30am","9pm","Wednesday","9:30am","9pm","Tuesday","9:30am","9pm","Monday","9:30am",,"Sunday",,"9pm","Saturday","9:30am","34367","59","İstanbul","Deniz Apartmanı, Nişantaşı, Abdi İpekçi Cd. No:32 Kat:3 D:7","Beauty Art Güzellik","5",
"Medi Güzellik Salonu / Buz Lazer Epilasyon, Atakent, Mithatpaşa Cd. No:106, 34764 Ümraniye/İstanbul, Türkiye","Ümraniye","TR",,"0x14cac8e89c043a77:0xf698f7f36d207995","/g/11g6xnyz52","41.022377","29.1120421","Mithatpaşa Cd. No:106","+905464715705","0546 471 57 05","ChIJdzoEnOjIyhQRlXkgbfP3mPY","7pm","Saturday","10am","7:30pm","Friday","9:30am","7:30pm","Thursday","9:30am","7:30pm","Wednesday","9:30am",,"Tuesday",,"7:30pm","Monday","9:30am","3pm","Sunday","1","7pm","Saturday","10am","34764","63","İstanbul","Mithatpaşa Cd. No:106","Medi Güzellik Salonu / Buz Lazer Epilasyon","4.7",
"Shilibao Güzellik Salonu, sokak, Altıntepe, Tipi Çk. No 1, 34840 Maltepe, Türkiye","Maltepe","TR",,"0x14cac6f0011d9059:0xc6d3362704b22b48","/g/1tfkyjnf","40.950646","29.1042622","sokak, Tipi Çk. No 1","+905462406501","0546 240 65 01","ChIJWZAdAfDGyhQRSCuyBCc208Y","8pm","Saturday","10am","8pm","Saturday","10am",,,,,,,,,,,,,,,,,,,"34840","59","İstanbul","sokak, Tipi Çk. No 1","Shilibao Güzellik Salonu","5",
"Misis Beauty Salon Istanbul, Caddebostan, Bağdat Cad. No:258 D:8, 34728 Kadıköy/İstanbul, Türkiye","Kadıköy","TR",,"0x14cac77633d0bc2d:0xfd5793fcc7effcea","/g/1tg4hqjg","40.970155","29.061681","Bağdat Cad. No:258 D:8","+902163695489","(0216) 369 54 89","ChIJLbzQM3bHyhQR6vzvx_yTV_0","7pm","Saturday","9am","7pm","Saturday","9am",,,,,,,,,,,,,,,,,,,"34728","74","İstanbul","Bağdat Cad. No:258 D:8","Misis Beauty Salon Istanbul","4.6",
"Figen Göl Güzellik merkezi, Bostancı Taşlı Çeşme Sokak No:10 D:Kat 2 Daire 3, Bostancı, Taşlı Çeşme Sk. No:10 Kat 2 Daire 3, 34744 Kadıköy/İstanbul, Türkiye","Kadıköy","TR",,"0x14cac763b8fc0217:0x7d1436f948c9fff6","/g/11mvvljjvg","40.9559446","29.090808","Bostancı Taşlı Çeşme Sokak No:10 D:Kat 2 Daire 3, Taşlı Çeşme Sk. No:10 Kat 2 Daire 3","+905421157715","0542 115 77 15","ChIJFwL8uGPHyhQR9v_JSPk2FH0","7pm","Saturday","10am","7pm","Saturday","10am",,,,,,,,,,,,,,,,,,,"34744","58","İstanbul","Bostancı Taşlı Çeşme Sokak No:10 D:Kat 2 Daire 3, Taşlı Çeşme Sk. No:10 Kat 2 Daire 3","Figen Göl Güzellik merkezi","4.9",
"Güler Özgal güzellik merkezi, Bostancı Ziraat Bankasının olduğu apartman, Bağdat caddesi no:82 daire 27, Altıntepe, D:3. Kat, 34840 İstanbul, Türkiye","Maltepe","TR",,"0x14cac77d8b6ddd57:0x873ce611c02a5ed3","/g/11g_yzg41k","40.9501833","29.1039419","Bostancı Ziraat Bankasının olduğu apartman, Bağdat caddesi no:82 daire 27, D:3. Kat","+905416506641","0541 650 66 41","ChIJV91ti33HyhQR014qwBHmPIc","7pm","Saturday","9am","7pm","Saturday","9am",,,,,,,,,,,,,,,,,,,"34840",,"İstanbul","Bostancı Ziraat Bankasının olduğu apartman, Bağdat caddesi no:82 daire 27, D:3. Kat","Güler Özgal güzellik merkezi",,
"Elif&Ferdal Güzellik Salonu, Caferağa, Sivastopol Sk. No:24/A, 34710 Kadıköy/İstanbul, Türkiye","Kadıköy","TR",,"0x14cab99cf90d0abb:0x229ca5ecc0727e02","/g/11p70xfr_4","40.986665","29.023807","Sivastopol Sk. No:24/A","+902167001451","(0216) 700 14 51","ChIJuwoN-Zy5yhQRAn5ywOylnCI","7pm","Saturday","9am","7pm","Saturday","9am",,,,,,,,,,,,,,,,,,,"34710","45","İstanbul","Sivastopol Sk. No:24/A","Elif&Ferdal Güzellik Salonu","5",
"butterfly güzellik salonu, 19 Mayıs, İnönü Cd. 68/A, 34736 Kadıköy/İstanbul, Türkiye","Kadıköy","TR",,"0x14cac7b4c0e4ba31:0x67dd985e64c09e80","/g/11c61j9_f8","40.978481","29.091329","İnönü Cd. 68/A","+902163563171","(0216) 356 31 71","ChIJMbrkwLTHyhQRgJ7AZF6Y3Wc","8pm","Saturday","7:30am","8pm","Saturday","7:30am",,,,,,,,,,,,,,,,,,,"34736","140","İstanbul","İnönü Cd. 68/A","butterfly güzellik salonu","4.3",
"Tırnak Butik Bağdat Caddesi Güzellik Merkezi, Caddebostan mahallesi Köşk sk. Tatari ap. No:1 Kat:3 D:6, 34728 Kadıköy/İstanbul, Türkiye","Kadıköy","TR",,"0x14cac76ada925065:0x9d2bfd9fdf4449d","/g/11f610024w","40.964259","29.0740176","Caddebostan mahallesi Köşk sk. Tatari ap. No:1 Kat:3 D:6","+905306039122","0530 603 91 22","ChIJZVCS2mrHyhQRnUT0_dm_0gk","8pm","Saturday","10am","8pm","Friday","10am","8pm","Thursday","10am","8pm","Wednesday","10am","8pm","Tuesday","10am","8pm","Monday","10am",,"Sunday",,"8pm","Saturday","10am","34728","489","İstanbul","Caddebostan mahallesi Köşk sk. Tatari ap. No:1 Kat:3 D:6","Tırnak Butik Bağdat Caddesi Güzellik Merkezi","4.7",
"Müge Utkan Güzellik Salonu, Sedir Apartmanı, Suadiye, Selvili Sk. 1 No:1/1 Kapı No:16, 34740 Kadıköy/İstanbul, Türkiye","Kadıköy","TR",,"0x894227a44f574ea1:0xcd489a7963501d92","/g/11ms7vbr3c","40.9584705","29.0837403","Sedir Apartmanı, Selvili Sk. 1 No:1/1 Kapı No:16","+905336182442","0533 618 24 42","ChIJoU5XT6QnQokRkh1QY3maSM0","7pm","Saturday","10am","7pm","Friday","10am","7pm","Thursday","10am","7pm","Wednesday","10am","7pm","Tuesday","10am","7pm","Monday","10am",,"Sunday",,"7pm","Saturday","10am","34740","15","İstanbul","Sedir Apartmanı, Selvili Sk. 1 No:1/1 Kapı No:16","Müge Utkan Güzellik Salonu","5",
"Estemed Guzellik Merkezi, Caddebostan, Bağdat Cad. No:271/10, 34728 Kadıköy/İstanbul, Türkiye","Kadıköy","TR",,"0x14cac7763911fc01:0xb0058811678607d5","/g/1thh4s29","40.9692999","29.0643363","Bağdat Cad. No:271/10","+905337476433","0533 747 64 33","ChIJAfwROXbHyhQR1QeGZxGIBbA","7pm","Saturday","9:30am","7pm","Friday","9:30am","7pm","Thursday","9:30am","7pm","Wednesday","9:30am","7pm","Tuesday","9:30am","7pm","Monday","9:30am",,"Sunday",,"7pm","Saturday","9:30am","34728","26","İstanbul","Bağdat Cad. No:271/10","Estemed Guzellik Merkezi","4.8",
"Lalin Cadde Bay & Bayan Güzellik Salonu, Caddebostan, Operatör Cemil Topuzlu Cd. 58/5, 34728 Kadıköy/İstanbul, Türkiye","Kadıköy","TR",,"0x14cac73d2e84bf7d:0x1b6fd6459dbe64a0","/g/11h31zr0tn","40.9678576","29.0545519","Operatör Cemil Topuzlu Cd. 58/5","+905056155331","0505 615 53 31","ChIJfb-ELj3HyhQRoGS-nUXWbxs","7:30pm","Saturday","10am","7:30pm","Friday","10am","7:30pm","Thursday","10am","7:30pm","Wednesday","10am","7:30pm","Tuesday","10am","7:30pm","Monday","10am","7:30pm","Sunday","10am","7:30pm","Saturday","10am","34728","67","İstanbul","Operatör Cemil Topuzlu Cd. 58/5","Lalin Cadde Bay & Bayan Güzellik Salonu","5",
"Feride Deniz Beauty (Güzellik Merkezi), Eğitim mahalles Ahsen Çıkmazı Sokak 2/2 Kadıköy, 34722 Kadıköy/İstanbul, Türkiye","Kadıköy","TR",,"0x14cab940efadc949:0x9f269e7c2a1b564d","/g/11tcff7k_m","40.9914956","29.0398651","Eğitim mahalles Ahsen Çıkmazı Sokak 2/2 Kadıköy","+905323894211","0532 389 42 11","ChIJScmt70C5yhQRTVYbKnyeJp8","7:30pm","Saturday","9:30am","7:30pm","Friday","9:30am","7:30pm","Thursday","9:30am","7:30pm","Wednesday","9:30am","7:30pm","Tuesday","9:30am","7:30pm","Monday","9:30am","7:30pm","Sunday","9:30am","7:30pm","Saturday","9:30am","34722","79","İstanbul","Eğitim mahalles Ahsen Çıkmazı Sokak 2/2 Kadıköy","Feride Deniz Beauty (Güzellik Merkezi)","4.6",
"Kadınım Güzellik Salonu, Acıbadem, Ulusuluk Sk. No:43 D:B, 34718 Kadıköy/İstanbul, Türkiye","Kadıköy","TR",,"0x14cab80cc001f61b:0xd30f726427c03ab2","/g/11dynzrz1d","40.9975053","29.0386965","Ulusuluk Sk. No:43 D:B","+905322242810","0532 224 28 10","ChIJG_YBwAy4yhQRsjrAJ2RyD9M","7:30pm","Saturday","9:30am","7:30pm","Friday","9:30am","7:30pm","Thursday","9:30am","7:30pm","Wednesday","9:30am","7:30pm","Tuesday","9:30am","7:30pm","Monday","9:30am","6pm","Sunday","12","7:30pm","Saturday","9:30am","34718","62","İstanbul","Ulusuluk Sk. No:43 D:B","Kadınım Güzellik Salonu","4.9",
"Gul Guzellik Salonu, Fenerbahçe, Lalezar Sk. 3 C, 34726 Kadıköy/İstanbul, Türkiye","Kadıköy","TR",,"0x14cac7828ee9c13d:0xe842eedf0cca33df","/g/11h0jgyfm","40.9747535","29.0477305","Lalezar Sk. 3 C","+902163859440","(0216) 385 94 40","ChIJPcHpjoLHyhQR3zPKDN_uQug","8pm","Saturday","8:30am","8pm","Friday","8:30am","8pm","Thursday","8:30am","8pm","Wednesday","8am","8pm","Tuesday","8:30am","8pm","Monday","8:30am","8pm","Sunday","8:30am","8pm","Saturday","8:30am","34726","35","İstanbul","Lalezar Sk. 3 C","Gul Guzellik Salonu","4.4",
"Bwell Kadıköy Güzellik Merkezi, Caferağa, Arayıcıbaşı Sk. No:2 D:2A, 34710 Kadıköy/İstanbul, Türkiye","Kadıköy","TR",,"0x14cab9160511ceb9:0xbcea7beddaf19cc1","/g/11xvlxnjdr","40.9876707","29.0270402","Arayıcıbaşı Sk. No:2 D:2A","+905305900303","0530 590 03 03","ChIJuc4RBRa5yhQRwZzx2u176rw","7pm","Saturday","10am","7pm","Friday","10am","7pm","Thursday","10am","7pm","Wednesday","10am","7pm","Tuesday","10am","7pm","Monday","10am","7pm","Sunday","10am","7pm","Saturday","10am","34710","72","İstanbul","Arayıcıbaşı Sk. No:2 D:2A","Bwell Kadıköy Güzellik Merkezi","4.9",
"Sisters güzellik salonu, Nihat Kızıltan sokak er öz apartmanı no 6, 34270 Kadıköy/İstanbul, Türkiye","Kadıköy","TR",,"0x14cac7dc65ad5771:0xdfc22b3dd4c285f0","/g/11ghfbhxnm","40.9638853","29.072657","Nihat Kızıltan sokak er öz apartmanı no 6","+902163635658","(0216) 363 56 58","ChIJcVetZdzHyhQR8IXC1D0rwt8","6pm","Saturday","9am","6pm","Friday","9am","6pm","Thursday","9am","6pm","Wednesday","9am","6pm","Tuesday","9am","6pm","Monday","9am",,"Sunday",,"6pm","Saturday","9am","34270","27","İstanbul","Nihat Kızıltan sokak er öz apartmanı no 6","Sisters güzellik salonu","4.7",
"Grace & Glow Lazer Epilasyon - Protez Tırnak - Zayıflama - Kalıcı Makyaj - Güzellik Salonu, Altıntepe Mah, Küçükyalı, Bağdat Cad. No:80, 34840 Maltepe/İstanbul, Türkiye","Maltepe","TR",,"0x14cac7c4d36d7d3b:0xc15249181f1e906","/g/11vfb3w8c4","40.9503516","29.1036368","Altıntepe Mah, Bağdat Cad. No:80","+905383106779","0538 310 67 79","ChIJO31t08THyhQRBunxgZEkFQw","7pm","Saturday","10am","7pm","Friday","10am","7pm","Thursday","10am","7pm","Wednesday","10am","7pm","Tuesday","10am","7pm","Monday","10am",,"Sunday",,"7pm","Saturday","10am","34840","42","İstanbul","Altıntepe Mah, Bağdat Cad. No:80","Grace & Glow Lazer Epilasyon - Protez Tırnak - Zayıflama - Kalıcı Makyaj - Güzellik Salonu","4.9",
"Lou Beauty, Sahrayı Cedit, Mengi Sk. No:10, 34734 Kadıköy/İstanbul, Türkiye","Kadıköy","TR",,"0x14cac7ca3934e3e1:0xf6fd5cb7ed0b2a30","/g/11b6gjjq3k","40.9835734","29.0876956","Mengi Sk. No:10","+905307343371","0530 734 33 71","ChIJ4eM0OcrHyhQRMCoL7bdc_fY","7:30pm","Saturday","9:30am","7:30pm","Friday","9:30am","7:30pm","Thursday","9:30am","7:30pm","Wednesday","9:30am","7:30pm","Tuesday","9:30am","7:30pm","Monday","9:30am",,"Sunday",,"7:30pm","Saturday","9:30am","34734","38","İstanbul","Mengi Sk. No:10","Lou Beauty","4.5",
"AKADEMİ PARİS ESTETİK & BUZ LAZER Cadde, İnci, Suadiye Plaj Yolu Sk.2 D:4, Apt. Kat 2, 34740 Kadıköy/İstanbul, Türkiye","Kadıköy","TR",,"0x14cac70575967d83:0x4549a02fa295bcec","/g/11df5w1cgh","40.9590983","29.0823328","İnci, Suadiye Plaj Yolu Sk.2 D:4, Apt. Kat 2","+905012504444","0501 250 44 44","ChIJg32WdQXHyhQR7LyVoi-gSUU",,"Saturday","Eid al-Adha hours","8pm","Friday","9:30am","8pm","Thursday","9:30am","8pm","Wednesday","9:30am","8pm","Tuesday","9:30am","8pm","Monday","9:30am","8pm","Sunday","9:30am",,"Saturday","Eid al-Adha hours","34740","85","İstanbul","İnci, Suadiye Plaj Yolu Sk.2 D:4, Apt. Kat 2","AKADEMİ PARİS ESTETİK & BUZ LAZER Cadde","4.9",
"Habibe Demirci Güzellik Salonu, Erenköy, Hacı Hakkıbey Sok. no:10/A, 34100 Kadıköy/İstanbul, Türkiye","Kadıköy","TR",,"0x14cac7adf80418e1:0x1f66fb4cd4833ecc","/g/11r226vn77","40.9690942","29.0753488","Hacı Hakkıbey Sok. no:10/A","+902163866343","(0216) 386 63 43","ChIJ4RgE-K3HyhQRzD6D1Ez7Zh8","24 hours","Saturday","24 hours","24 hours","Friday","24 hours","24 hours","Thursday","24 hours","24 hours","Wednesday","24 hours","24 hours","Tuesday","24 hours","24 hours","Monday","24 hours","24 hours","Sunday","24 hours","24 hours","Saturday","24 hours","34100","21","İstanbul","Hacı Hakkıbey Sok. no:10/A","Habibe Demirci Güzellik Salonu","5",
"Yess Guzellik Salonlari, gunay apt, Küçükyalı, Mektep Cd. no 26/A, 34840 Maltepe/İstanbul, Türkiye","Maltepe","TR",,"0x14cac6f1fd86dbf5:0x473a8cb7d0d3d8c4","/g/1vq89kjh","40.9491433","29.1099686","gunay apt, Mektep Cd. no 26/A",,,"ChIJ9duG_fHGyhQRxNjT0LeMOkc","8:45pm","Saturday","7am","8:45pm","Friday","7am","8:45pm","Thursday","7am","8:45pm","Wednesday","7am",,"Tuesday",,"8:45pm","Monday","7am","8pm","Sunday","8am","8:45pm","Saturday","7am","34840","54","İstanbul","gunay apt, Mektep Cd. no 26/A","Yess Guzellik Salonlari","4",
"Nagihan Yastı Beauty Kalıcı Makyaj | Microblading | Lazer Epilasyon ve Cilt Bakımı, İçerenköy, Alanaldı Cd. No:6 D:1, 34752 Ataşehir/İstanbul, Türkiye","Ataşehir","TR",,"0x14cac7b972a67cd1:0x6372d48359434f80","/g/11jygq6rd5","40.9679909","29.1146679","Alanaldı Cd. No:6 D:1","+905461611734","0546 161 17 34","ChIJ0XymcrnHyhQRgE9DWYPUcmM","7pm","Saturday","10am","7pm","Friday","10am","7pm","Thursday","10am","7pm","Wednesday","10am","7pm","Tuesday","10am","7pm","Monday","10am",,"Sunday",,"7pm","Saturday","10am","34752","66","İstanbul","Alanaldı Cd. No:6 D:1","Nagihan Yastı Beauty Kalıcı Makyaj | Microblading | Lazer Epilasyon ve Cilt Bakımı","4.6",
"İmposing Güzellik Merkezi, Suadiye, Tonozlu Sk. No:25/23, 34740 Kadıköy/İstanbul, Türkiye","Kadıköy","TR",,"0x14cac70e8bffd785:0x53e80cb36a024b17","/g/1ptwkcjnz","40.9658782","29.0810734","Tonozlu Sk. No:25/23","+902164105545","(0216) 410 55 45","ChIJhdf_iw7HyhQRF0sCarMM6FM","5:30pm","Saturday","10:30am","7:30pm","Friday","10am","7:30pm","Thursday","10am",,"Wednesday",,"7:30pm","Tuesday","10am","7:30pm","Monday","10am",,"Sunday",,"5:30pm","Saturday","10:30am","34740","33","İstanbul","Tonozlu Sk. No:25/23","İmposing Güzellik Merkezi","4.8",
"Neşe Canlı Beauty Spa, Yunus Apt, Kozyatağı, Erenköy, İnönü Cd. No:61, 34738 Kadıköy/İstanbul, Türkiye","Kadıköy","TR",,"0x14cac7b446e78a03:0x6ace7bded0f5968e","/g/11bxb34xv4","40.9797166","29.0884227","Yunus Apt, Kozyatağı, İnönü Cd. No:61","+902164673030","(0216) 467 30 30","ChIJA4rnRrTHyhQRjpb10N57zmo",,"Saturday","Eid al-Adha hours","8pm","Friday","9am","8pm","Thursday","9am","8pm","Wednesday","9am","8pm","Tuesday","9am","8pm","Monday","9am","7pm","Sunday","10am",,"Saturday","Eid al-Adha hours","34738","396","İstanbul","Yunus Apt, Kozyatağı, İnönü Cd. No:61","Neşe Canlı Beauty Spa","4.5",
"Lunarella Güzellik Merkezi, Osmanağa, Körler Sk. No:6 kat 2, Daire No: 2, 34714 Kadıköy/İstanbul, Türkiye","Kadıköy","TR",,"0x14cab9dfb1e4a5e1:0xb2349e044187b3e9","/g/11n4sszrvx","40.9910088","29.0246527","Körler Sk. No:6 kat 2, Daire No: 2","+905421568686","0542 156 86 86","ChIJ4aXksd-5yhQR6bOHQQSeNLI","8pm","Saturday","11am","8pm","Friday","11am","8pm","Thursday","11am","8pm","Wednesday","11am","8pm","Tuesday","11am",,"Monday",,"8pm","Sunday","11am","8pm","Saturday","11am","34714","20","İstanbul","Körler Sk. No:6 kat 2, Daire No: 2","Lunarella Güzellik Merkezi","3.8",
"ŞERİleydi BEAUTY, Yıldız Mahallesi Serencebey yokuşu sokak No:1/41 Fırat İş Hanı Kat:6, 34349 Beşiktaş/İstanbul, Türkiye","Beşiktaş","TR",,"0x14cab76dd7ee6fb5:0xc24549d88df2db08","/g/11h57gkdr5","41.042857","29.008066","Yıldız Mahallesi Serencebey yokuşu sokak No:1/41 Fırat İş Hanı Kat:6","+905330568381","0533 056 83 81","ChIJtW_u1223yhQRCNvyjdhJRcI","8pm","Saturday","9am","8pm","Friday","9am","8pm","Thursday","9am","8pm","Wednesday","9am","8pm","Tuesday","9am","8pm","Monday","9am",,"Sunday",,"8pm","Saturday","9am","34349","147","İstanbul","Yıldız Mahallesi Serencebey yokuşu sokak No:1/41 Fırat İş Hanı Kat:6","ŞERİleydi BEAUTY","4.4",
"Aysestetik Güzellik Merkezi, Bostancı, Bağdat Cad., 34360 Kadıköy/İstanbul, Türkiye","Kadıköy","TR",,"0x14cab71800050729:0xb7da34bce21365c6","/g/11g0hsz9l3","40.9579345","29.0851603","Bağdat Cad.","+905414575757","0541 457 57 57","ChIJKQcFABi3yhQRxmUT4rw02rc","3pm","Saturday","10am","7pm","Friday","10am","7pm","Thursday","10am","7pm","Wednesday","10am","7pm","Tuesday","10am","7pm","Monday","10am",,"Sunday",,"3pm","Saturday","10am","34360","56","İstanbul","Bağdat Cad.","Aysestetik Güzellik Merkezi","4.4",
"Emine Kalkan Güzellik Merkezi, Örnek, Yunus Emre Cd No:36, 34704 Ataşehir/İstanbul, Türkiye","Ataşehir","TR",,"0x14cac72d5686ff4b:0x2acc92a71664f2ad","/g/11hyh8m57p","40.9975","29.0820621","Yunus Emre Cd No:36","+905324405285","0532 440 52 85","ChIJS_-GVi3HyhQRrfJkFqeSzCo","7:30pm","Saturday","9am","7:30pm","Friday","9am","7:30pm","Thursday","9am","7:30pm","Wednesday","9am","7:30pm","Tuesday","9am","7:30pm","Monday","9am","7:30pm","Sunday","9am","7:30pm","Saturday","9am","34704","48","İstanbul","Yunus Emre Cd No:36","Emine Kalkan Güzellik Merkezi","4.6",
"Cımbız Güzellik Salonu, Bostancı Ş. Günaltay Caddesi & Forsa Sokak Aydınalp Apt, D:27/1, 34742 Şenesenevler/Kadıköy/Kadıköy/İstanbul, Türkiye","Şenesenevler/Kadıköy/Kadıköy","TR",,"0x14cac6ffeb628267:0x1b56503c3fd11baf","/g/11g6mg_hv7","40.9617607","29.0938628","Bostancı Ş. Günaltay Caddesi & Forsa Sokak Aydınalp Apt, D:27/1","+902164451475","(0216) 445 14 75","ChIJZ4Ji6__GyhQRrxvRPzxQVhs","7:30pm","Saturday","9:30am","7:30pm","Friday","9:30am","7:30pm","Thursday","9:30am","7:30pm","Wednesday","9:30am","7:30pm","Tuesday","9:30am","7:30pm","Monday","9:30am",,"Sunday",,"7:30pm","Saturday","9:30am","34742","19","İstanbul","Bostancı Ş. Günaltay Caddesi & Forsa Sokak Aydınalp Apt, D:27/1","Cımbız Güzellik Salonu","4.9",
"Shima Clinical Güzellik Salonu | Cilt Bakımı | İpek Kirpik | Lazer Epilasyon | Microblading, Osmanağa Mah. Bahariye Cad. Harunoğlu Pasajı No:7-11 Kat:2, 34714 Kadıköy/İstanbul, Türkiye","Kadıköy","TR",,"0x14cab928ad932f3d:0x2fa1efaf0be9e68c","/g/11g0gr_54m","40.9894782","29.0289394","Osmanağa Mah. Bahariye Cad. Harunoğlu Pasajı No:7-11 Kat:2","+905051183758","0505 118 37 58","ChIJPS-TrSi5yhQRjObpC6_voS8",,"Saturday","Eid al-Adha hours","7:30pm","Friday","10am","7:30pm","Thursday","10am","7:30pm","Wednesday","10am","7:30pm","Tuesday","10am","7:30pm","Monday","10am",,"Sunday",,,"Saturday","Eid al-Adha hours","34714","186","İstanbul","Osmanağa Mah. Bahariye Cad. Harunoğlu Pasajı No:7-11 Kat:2","Shima Clinical Güzellik Salonu | Cilt Bakımı | İpek Kirpik | Lazer Epilasyon | Microblading","4.6",
"LEYLA AKYOL GÜZELLİK, Mimar Sinan, Abdülkerim Paşa Sk. No:3 D:6, 34000 Üsküdar/İstanbul, Türkiye","Üsküdar","TR",,"0x14cab7e9436552b9:0x1fd2807f45635835","/g/11qgsk6pvj","41.025114","29.016271","Abdülkerim Paşa Sk. No:3 D:6","+905336235744","0533 623 57 44","ChIJuVJlQ-m3yhQRNVhjRX-A0h8","9pm","Saturday","10am","8:30pm","Friday","10am","8:30pm","Thursday","10am","8:30pm","Wednesday","10am","8:30pm","Tuesday","10am","8:30pm","Monday","10am",,"Sunday",,"9pm","Saturday","10am","34000","134","İstanbul","Abdülkerim Paşa Sk. No:3 D:6","LEYLA AKYOL GÜZELLİK","4.5",
"Bloomshine Güzellik Salonu, Söğütlüçeşme Cad, Söğütlü Çayır Sok. No:16/C - 93/A, 34716 Kadıköy/İstanbul, Türkiye","Kadıköy","TR",,"0x14cab95f928c1d75:0xb743d6286bdd8f2d","/g/11tj38g36b","40.9913522","29.0306449","Söğütlüçeşme Cad, Söğütlü Çayır Sok. No:16/C - 93/A","+905523015153","0552 301 51 53","ChIJdR2Mkl-5yhQRLY_dayjWQ7c","7pm","Saturday","9am","7pm","Friday","9am","7pm","Thursday","9am","7pm","Wednesday","9am","7pm","Tuesday","9am","7pm","Monday","9am",,"Sunday",,"7pm","Saturday","9am","34716","56","İstanbul","Söğütlüçeşme Cad, Söğütlü Çayır Sok. No:16/C - 93/A","Bloomshine Güzellik Salonu","3.8",
"ESRA UYAR GÜZELLİK SALONU, Bostancı 514, 34744 Kadıköy/İstanbul, Türkiye","Kadıköy","TR",,"0x14cac79d499957d3:0xf3d88b372f8e387e","/g/11f6xyjf31","40.9546655","29.0922918","Bostancı 514","+905323590789","0532 359 07 89","ChIJ01eZSZ3HyhQRfjiOLzeL2PM","8pm","Saturday","9am","8pm","Friday","9am","8pm","Thursday","9am","8pm","Wednesday","9am","8pm","Tuesday","9am","8pm","Monday","9am",,"Sunday",,"8pm","Saturday","9am","34744","127","İstanbul","Bostancı 514","ESRA UYAR GÜZELLİK SALONU","4.7",
"Mint Güzellik Salonu, Erenköy, Eralp Sk. No:8, 34738 Kadıköy/İstanbul, Türkiye","Kadıköy","TR",,"0x14cac7a72883cacb:0x3784b626752a2cfa","/g/11c749k6wr","40.9697464","29.0758288","Eralp Sk. No:8","+902163557359","(0216) 355 73 59","ChIJy8qDKKfHyhQR-iwqdSa2hDc","7pm","Saturday","9am","7pm","Friday","9am","7pm","Thursday","9am","7pm","Wednesday","9am","7pm","Tuesday","9am","7pm","Monday","9am",,"Sunday",,"7pm","Saturday","9am","34738","13","İstanbul","Eralp Sk. No:8","Mint Güzellik Salonu","4.7",
"Du-Du Güzellik Salonu, Bostancı, Dar Yol Sk. Güzide Apt No:35 Kat:2 Daire:1, 34744 Kadıköy/İstanbul, Türkiye","Kadıköy","TR",,"0x14cac756d2835181:0xfec59479ca5f4e88","/g/11sbvvr7q8","40.9604289","29.0934832","Dar Yol Sk. Güzide Apt No:35 Kat:2 Daire:1","+905325295067","0532 529 50 67","ChIJgVGD0lbHyhQRiE5fynmUxf4","7pm","Saturday","10am","7pm","Friday","10am","7pm","Thursday","10am","7pm","Wednesday","10am","7pm","Tuesday","10am","7pm","Monday","10am",,"Sunday",,"7pm","Saturday","10am","34744","29","İstanbul","Dar Yol Sk. Güzide Apt No:35 Kat:2 Daire:1","Du-Du Güzellik Salonu","4.6",
"AYS Güzellik Bakım, 19 Mayıs, Şemsettin Günaltay Cd. Ekinciler Apt No.140 D.4, 34744 Kadıköy/İstanbul, Türkiye","Kadıköy","TR",,"0x14cabb91f157bc45:0x9948f85e03edf0dc","/g/11kj441mqh","40.9684682","29.0855433","Şemsettin Günaltay Cd. Ekinciler Apt No.140 D.4","+905456827764","0545 682 77 64","ChIJRbxX8ZG7yhQR3PDtA174SJk","7pm","Saturday","10am","7pm","Friday","10am","7pm","Thursday","10am","7pm","Wednesday","10am","7pm","Tuesday","10am","7pm","Monday","10am",,"Sunday",,"7pm","Saturday","10am","34744","19","İstanbul","Şemsettin Günaltay Cd. Ekinciler Apt No.140 D.4","AYS Güzellik Bakım","5",
"Golden Angels Aesthetic & Beauty Salon / Necati ÇINAR, Bağlarbaşı, Atatürk Cd. No:20/1, 34844 Maltepe/İstanbul, Türkiye","Maltepe","TR",,"0x14cac6afa0d1fa23:0xf455c64ef5f8766e","/g/11ckkywx5x","40.9233456","29.1302477","Atatürk Cd. No:20/1","+902163053200","(0216) 305 32 00","ChIJI_rRoK_GyhQRbnb49U7GVfQ","7pm","Saturday","10am","7pm","Saturday","10am",,,,,,,,,,,,,,,,,,,"34844",,"İstanbul","Atatürk Cd. No:20/1","Golden Angels Aesthetic & Beauty Salon / Necati ÇINAR",,
"Buz Lazer | Sahra Bulut Estetik - Suadiye, Buz Lazer | Sahra Bulut Estetik, Bostancı, Bağdat Cad. No:460/9, 34744 Kadıköy/İstanbul, Türkiye","Kadıköy","TR",,"0x14cac70482f5abef:0x5200c0c191c79ed7","/g/11d_dwpshb","40.957254","29.0867188","Buz Lazer | Sahra Bulut Estetik, Bağdat Cad. No:460/9","+905423022302","0542 302 23 02","ChIJ76v1ggTHyhQR157HkcHAAFI","9pm","Saturday","9:30am","9pm","Saturday","9:30am",,,,,,,,,,,,,,,,,,,"34744",,"İstanbul","Buz Lazer | Sahra Bulut Estetik, Bağdat Cad. No:460/9","Buz Lazer | Sahra Bulut Estetik - Suadiye",,
"Lunas Güzellik Salonu, Göztepe, Rıdvanpaşa Sok. No:27/A, 34730 Kadıköy/İstanbul, Türkiye","Kadıköy","TR",,"0x14cac7872cfd4ef9:0xbe64f47de1c9d5c5","/g/11mrdp0571","40.9785793","29.0711769","Rıdvanpaşa Sok. No:27/A","+905335425862","0533 542 58 62","ChIJ-U79LIfHyhQRxdXJ4X30ZL4","7pm","Saturday","9am","7pm","Saturday","9am",,,,,,,,,,,,,,,,,,,"34730",,"İstanbul","Rıdvanpaşa Sok. No:27/A","Lunas Güzellik Salonu",,
"Furkan Gültekin Kuaför ve Güzellik Merkezi, Altayçeşme, Oba Çk. 4a, 34854 Maltepe/İstanbul, Türkiye","Maltepe","TR",,"0x14cac783d3aa975d:0xcfdec043b0d1a5e1","/g/11ny2l285_","40.9363471","29.123275","Oba Çk. 4a","+905305732442","0530 573 24 42","ChIJXZeq04PHyhQR4aXRsEPA3s8","8pm","Saturday","8:45am","8pm","Saturday","8:45am",,,,,,,,,,,,,,,,,,,"34854",,"İstanbul","Oba Çk. 4a","Furkan Gültekin Kuaför ve Güzellik Merkezi",,
"Gül&De Beauty Güzellik Salonu Lazer Epilasyon Merkezi, Feyzullah, Plaj Yolu Sk. No:2 D:4C, 34200 Maltepe/İstanbul, Türkiye","Maltepe","TR",,"0x14cac708296a0603:0x7d9fadd980703272","/g/11txq5mszt","40.9261882","29.1293293","Plaj Yolu Sk. No:2 D:4C","+905459459555","0545 945 95 55","ChIJAwZqKQjHyhQRcjJwgNmtn30","7pm","Saturday","9am","7pm","Saturday","9am",,,,,,,,,,,,,,,,,,,"34200",,"İstanbul","Plaj Yolu Sk. No:2 D:4C","Gül&De Beauty Güzellik Salonu Lazer Epilasyon Merkezi",,
"ESTEELITTA GUZELLIK SALONU, Çınar, Bağdat Cad. No 195/12, 34841 Maltepe/İstanbul, Türkiye","Maltepe","TR",,"0x14cac737c30e15f5:0x6858ac9086624726","/g/11mw7qmgbv","40.9433044","29.1136994","Bağdat Cad. No 195/12","+905305922416","0530 592 24 16","ChIJ9RUOwzfHyhQRJkdihpCsWGg","7:30pm","Saturday","9:30am","7:30pm","Saturday","9:30am",,,,,,,,,,,,,,,,,,,"34841",,"İstanbul","Bağdat Cad. No 195/12","ESTEELITTA GUZELLIK SALONU",,
"Espina Güzellik, İdealtepe, Bağdat Cad. No:247, 34840 Maltepe/İstanbul, Türkiye","Maltepe","TR",,"0x14cac6fb20d7e805:0x66f6bd39c49a410a","/g/11c3vq_cyq","40.9382513","29.1191504","Bağdat Cad. No:247","+902163662526","(0216) 366 25 26","ChIJBejXIPvGyhQRCkGaxDm99mY","7:30pm","Saturday","10am","7:30pm","Saturday","10am",,,,,,,,,,,,,,,,,,,"34840",,"İstanbul","Bağdat Cad. No:247","Espina Güzellik",,
"Golden Güzellik Maltepe - Lazer Epilasyon, Cilt Bakımı, Güzellik Salonu, Nefes Plaza, Feyzullah, Bağdat Cad. No:270 Kat:5 D:411, 34840 Maltepe/İstanbul, Türkiye","Maltepe","TR",,"0x14cac74ed41edc0d:0x3da8b8966b7cda9f","/g/11sb4zzvgk","40.9337189","29.1259824","Nefes Plaza, Bağdat Cad. No:270 Kat:5 D:411","+902167598102","(0216) 759 81 02","ChIJDdwe1E7HyhQRn9p8a5a4qD0","7pm","Saturday","9am","7pm","Saturday","9am",,,,,,,,,,,,,,,,,,,"34840",,"İstanbul","Nefes Plaza, Bağdat Cad. No:270 Kat:5 D:411","Golden Güzellik Maltepe - Lazer Epilasyon, Cilt Bakımı, Güzellik Salonu",,
"Maltepe Beauty Ay Güzellik Merkezi, Feyzullah, Krizantem Sk. 8/B, 34843 Maltepe/İstanbul, Türkiye","Maltepe","TR",,"0x14cac77eb79dc14d:0x7e382f81fed35d6","/g/11ssh7z8xw","40.9240142","29.1299013","Krizantem Sk. 8/B","+908504808050","0850 480 8050","ChIJTcGdt37HyhQR1jXtH_iC4wc","7pm","Saturday","9am","7pm","Saturday","9am",,,,,,,,,,,,,,,,,,,"34843",,"İstanbul","Krizantem Sk. 8/B","Maltepe Beauty Ay Güzellik Merkezi",,
"Refika Güzellik Merkezi, Kayışdağı Caddesi, Küçükbakkalköy, Başar Sk. No:12-14, 34750 Ataşehir/İstanbul, Türkiye","Ataşehir","TR",,"0x14cac9f070322aef:0x725b4fde42ef6ca3","/g/11h0cdz33t","40.9805486","29.105448","Kayışdağı Caddesi, Başar Sk. No:12-14","+905321658889","0532 165 88 89","ChIJ7yoycPDJyhQRo2zvQt5PW3I","7pm","Saturday","10am","7pm","Friday","10am","7pm","Thursday","10am","7pm","Wednesday","10am","7pm","Tuesday","10am",,"Monday",,,"Sunday",,"7pm","Saturday","10am","34750","1837","İstanbul","Kayışdağı Caddesi, Başar Sk. No:12-14","Refika Güzellik Merkezi","4.9",
"Asena Agda Ve Guzellik Salonu, guntas apt, Suadiye, Beyaz Gül Sk. no21 kat2 d2, 34742 Kadıköy/İstanbul, Türkiye","Kadıköy","TR",,"0x14cac72fd78f2547:0x54a11173037968dd","/g/11ggzcv8fp","40.9621569","29.0913807","guntas apt, Beyaz Gül Sk. no21 kat2 d2","+905423781448","0542 378 14 48","ChIJRyWP1y_HyhQR3Wh5A3MRoVQ","7pm","Saturday","9am","7pm","Friday","9am","7pm","Thursday","9am","7pm","Wednesday","9am","7pm","Tuesday","9am","7pm","Monday","9am",,"Sunday",,"7pm","Saturday","9am","34742","30","İstanbul","guntas apt, Beyaz Gül Sk. no21 kat2 d2","Asena Agda Ve Guzellik Salonu","4.9",
"Ayhan Kuaför Güzellik Salonu, Bostancı, Palmiye Sk. no:1, 34744 Kadıköy/İstanbul, Türkiye","Kadıköy","TR",,"0x14cac78194976599:0xd91036b7cd53802d","/g/11yttc5dmb","40.9566725","29.0996476","Palmiye Sk. no:1","+905532582201","0553 258 22 01","ChIJmWWXlIHHyhQRLYBTzbc2ENk","8pm","Saturday","8am","8pm","Friday","8am","8pm","Thursday","8am","8pm","Wednesday","8am","8pm","Tuesday","8am","8pm","Monday","8am","7pm","Sunday","10am","8pm","Saturday","8am","34744","15","İstanbul","Palmiye Sk. no:1","Ayhan Kuaför Güzellik Salonu","5",
"Sultan Demir Güzellik Salonu, Altıntepe, Üstündağ Cd. suat apt D:33 dükkan, 34840 Maltepe/İstanbul, Türkiye","Maltepe","TR",,"0x14cac7303b1a7945:0xcf9b704317567ccf","/g/11l5wj53wx","40.9507775","29.1059039","Üstündağ Cd. suat apt D:33 dükkan","+902164895054","(0216) 489 50 54","ChIJRXkaOzDHyhQRz3xWF0Nwm88","7:30pm","Saturday","9:30am","7:30pm","Friday","9:30am","7:30pm","Thursday","9:30am","7:30pm","Wednesday","9:30am","7:30pm","Tuesday","9am","7:30pm","Monday","9:30am","6:30pm","Sunday","11am","7:30pm","Saturday","9:30am","34840","14","İstanbul","Üstündağ Cd. suat apt D:33 dükkan","Sultan Demir Güzellik Salonu","5",
"MSA Estetik ve Güzellik, Bağlarbaşı mahallesi bağdat caddesi bağdat pasajı No:441/33 kat:1, 34844 Maltepe/İstanbul, Türkiye","Maltepe","TR",,"0x14cac7101aec7ad9:0x81fefc8a500a316b","/g/11jdk5h6kb","40.9232972","29.1339436","Bağlarbaşı mahallesi bağdat caddesi bağdat pasajı No:441/33 kat:1","+905523889022","0552 388 90 22","ChIJ2XrsGhDHyhQRazEKUIr8_oE","7:30pm","Saturday","10am","7:30pm","Friday","10am","7:30pm","Thursday","10am","7:30pm","Wednesday","10am","7:30pm","Tuesday","10am","7:30pm","Monday","10am",,"Sunday",,"7:30pm","Saturday","10am","34844","98","İstanbul","Bağlarbaşı mahallesi bağdat caddesi bağdat pasajı No:441/33 kat:1","MSA Estetik ve Güzellik","4.4",
"Solarium Beauty Saloons, Kozyatağı, Değirmen Sk. Ata apt No:8/B, 34742 Kadıköy/İstanbul, Türkiye","Kadıköy","TR",,"0x14cac64d1518c699:0x134aac8d95273135","/g/1ptwk0jzv","40.9734696","29.0976048","Değirmen Sk. Ata apt No:8/B","+905433724578","0543 372 45 78","ChIJmcYYFU3GyhQRNTEnlY2sShM","8pm","Saturday","7:30am","8pm","Friday","7:30am","8pm","Thursday","7:30am","8pm","Wednesday","7:30am","8pm","Tuesday","7:30am","8pm","Monday","7:30am","8pm","Sunday","7:30am","8pm","Saturday","7:30am","34742","945","İstanbul","Değirmen Sk. Ata apt No:8/B","Solarium Beauty Saloons","4.2",
"Mona Güzellik merkezi, Bağlarbaşı, Beşevler Sk. No:29, 34844 Maltepe/İstanbul, Türkiye","Maltepe","TR",,"0x14cac73ff203c0c1:0xe0787441e9dba124","/g/11vb1w3zwx","40.9242403","29.1336578","Beşevler Sk. No:29","+905011053494","0501 105 34 94","ChIJwcAD8j_HyhQRJKHb6UF0eOA","7:30pm","Saturday","9:30am","7:30pm","Friday","9:30am","7:30pm","Thursday","9:30am","7:30pm","Wednesday","9:30am","7:30pm","Tuesday","9:30am","7:30pm","Monday","9:30am","7:30pm","Sunday","9:30am","7:30pm","Saturday","9:30am","34844","116","İstanbul","Beşevler Sk. No:29","Mona Güzellik merkezi","4.8",
"Ella Güzellik Erenköy, Ethemefendi caddesi, Erenköy, Fırın Sk. No:37/3 D:c, 34738 Kadıköy/İstanbul, Türkiye","Kadıköy","TR",,"0x14cac7a2239d668d:0x3143250f0e7376b8","/g/11g0hs_wy9","40.9728636","29.0750646","Ethemefendi caddesi, Fırın Sk. No:37/3 D:c","+905358884291","0535 888 42 91","ChIJjWadI6LHyhQRuHZzDg8lQzE","7:30pm","Saturday","9:30am","7:30pm","Friday","9:30am","7:30pm","Thursday","9:30am","7:30pm","Wednesday","9:30am","7:30pm","Tuesday","9:30am","7:30pm","Monday","9:30am",,"Sunday",,"7:30pm","Saturday","9:30am","34738","48","İstanbul","Ethemefendi caddesi, Fırın Sk. No:37/3 D:c","Ella Güzellik Erenköy","4.7",
"Fatih Sarikaya Kuafor, Suadiye, Emin Ali Paşa Cd. No: 22/A, 34774 Kadıköy/İstanbul, Türkiye","Kadıköy","TR",,"0x14cac6fdcb332b6b:0xc9639e657d0fb969","/g/11c0wf66xq","40.9625861","29.0855982","Emin Ali Paşa Cd. No: 22/A","+905324239053","0532 423 90 53","ChIJayszy_3GyhQRabkPfWWeY8k","7pm","Saturday","8am","7pm","Friday","8am","7pm","Thursday","8am","7pm","Wednesday","8am","7pm","Tuesday","8am",,"Monday",,"7pm","Sunday","8am","7pm","Saturday","8am","34774","239","İstanbul","Emin Ali Paşa Cd. No: 22/A","Fatih Sarikaya Kuafor","4.3",
"Queen Seyran Arican Güzellik Merkezi, Queen Güzellik Merkezi, Çınar, koşar apartmanı no:169, 34841 Maltepe/İstanbul, Türkiye","Maltepe","TR",,"0x14cac72e331eddbf:0x7805470f3a4678ec","/g/11wmj0c9jh","40.9459147","29.1112304","Queen Güzellik Merkezi, koşar apartmanı no:169","+905312273554","0531 227 35 54","ChIJv90eMy7HyhQR7HhGOg9HBXg","7pm","Saturday","9am","7pm","Friday","9am","7pm","Thursday","9am","7pm","Wednesday","9am","7pm","Tuesday","9am",,"Monday",,"7pm","Sunday","9am","7pm","Saturday","9am","34841","24","İstanbul","Queen Güzellik Merkezi, koşar apartmanı no:169","Queen Seyran Arican Güzellik Merkezi","5",
"Freshlife Güzellik Salonu, Altayçeşme, Bağdat Cad. 405 A D:405 A, 34843 Maltepe/İstanbul, Türkiye","Maltepe","TR",,"0x14cac774d0e32e31:0x6d83971923a92636","/g/11h18brt3c","40.9254546","29.1303897","Bağdat Cad. 405 A D:405 A","+902163528482","(0216) 352 84 82","ChIJMS7j0HTHyhQRNiapIxmXg20","7pm","Saturday","10am","7pm","Friday","10am","7pm","Thursday","10am","7pm","Wednesday","10am",,"Tuesday",,"7pm","Monday","10am","7pm","Sunday","10am","7pm","Saturday","10am","34843","13","İstanbul","Bağdat Cad. 405 A D:405 A","Freshlife Güzellik Salonu","4.9",
"Leman Kuaför ve Güzellik Salonu, Küçükyalı, Ahmet Kutsi Tecer Sk. No:19 D:c, 34840 Maltepe/İstanbul, Türkiye","Maltepe","TR",,"0x14cac700132abaeb:0xe538d9e3d1d15b27","/g/11wwr1z05j","40.9465216","29.109984","Ahmet Kutsi Tecer Sk. No:19 D:c","+905437157246","0543 715 72 46","ChIJ67oqEwDHyhQRJ1vR0ePZOOU","7:30pm","Saturday","10am","7:30pm","Friday","10am","7:30pm","Thursday","10am","7:30pm","Wednesday","10am","7:30pm","Tuesday","10am","7:30pm","Monday","10am","7:30pm","Sunday","10am","7:30pm","Saturday","10am","34840","31","İstanbul","Ahmet Kutsi Tecer Sk. No:19 D:c","Leman Kuaför ve Güzellik Salonu","4.8",
"SGS GÜZELLİK SALONU - GÖZDE, SGS GÜZELLİK SALONU-GÖZDE, Caferağa, Şair Latifi Sk. 53/B, 34710 Kadıköy/İstanbul, Türkiye","Kadıköy","TR",,"0x14cab9af119ff1ff:0xed10dfe9c89dc7d3","/g/11thdzr30s","40.9839409","29.0300851","SGS GÜZELLİK SALONU-GÖZDE, Şair Latifi Sk. 53/B","+905380943225","0538 094 32 25","ChIJ__GfEa-5yhQR08edyOnfEO0","7pm","Saturday","9am","7pm","Friday","9am","7pm","Thursday","9am","7pm","Wednesday","9am","7pm","Tuesday","9am","7pm","Monday","9am",,"Sunday",,"7pm","Saturday","9am","34710","21","İstanbul","SGS GÜZELLİK SALONU-GÖZDE, Şair Latifi Sk. 53/B","SGS GÜZELLİK SALONU - GÖZDE","5",
"Filiz Güzellik Merkezi, Çınar, Küçükyol Sokağı, 34841 Maltepe/İstanbul, Türkiye","Maltepe","TR",,"0x14cac79a49336f9b:0x9d5d770c6b5d7365","/g/11g4ddsx9s","40.9472091","29.1142964","Küçükyol Sokağı",,,"ChIJm28zSZrHyhQRZXNdawx3XZ0","7pm","Saturday","9am","7pm","Friday","9am","7pm","Thursday","9am","7pm","Wednesday","9am",,"Tuesday",,"7pm","Monday","9am",,"Sunday",,"7pm","Saturday","9am","34841","18","İstanbul","Küçükyol Sokağı","Filiz Güzellik Merkezi","5",
"Füsun Güzellik Salonu, Kozyatağı Şakacı Cad. & Lüle Sokak Şakacı Apt, D:1/C, 34736 Kadıköy/İstanbul, Türkiye","Kadıköy","TR",,"0x14cac7ab9974b19f:0xf3a2fdde5131754c","/g/11g6_64wfg","40.967592","29.0890531","Kozyatağı Şakacı Cad. & Lüle Sokak Şakacı Apt, D:1/C","+905377900999","0537 790 09 99","ChIJn7F0mavHyhQRTHUxUd79ovM","7pm","Saturday","9am","7:30pm","Friday","9am","7:30pm","Thursday","9am","7:30pm","Wednesday","9am","7:30pm","Tuesday","9am","7:30pm","Monday","9am",,"Sunday",,"7pm","Saturday","9am","34736","54","İstanbul","Kozyatağı Şakacı Cad. & Lüle Sokak Şakacı Apt, D:1/C","Füsun Güzellik Salonu","4.7",
"Nazli, Elif Apt, İdealtepe Rıfkı Tongsir Cad, İdealtepe, Cuma Sk. No:34, 34841 Maltepe/İstanbul, Türkiye","Maltepe","TR",,"0x14cac69456660161:0xf78ea2a0462e42d8","/g/1q66z5hjk","40.9396107","29.1192973","Elif Apt, İdealtepe Rıfkı Tongsir Cad, Cuma Sk. No:34","+905331276643","0533 127 66 43","ChIJYQFmVpTGyhQR2EIuRqCijvc","7:30pm","Saturday","10am","7:30pm","Friday","10am","7:30pm","Thursday","10am","7:30pm","Wednesday","10am","7:30pm","Tuesday","10am","7:30pm","Monday","10am",,"Sunday",,"7:30pm","Saturday","10am","34841","41","İstanbul","Elif Apt, İdealtepe Rıfkı Tongsir Cad, Cuma Sk. No:34","Nazli","5",
"Hatime Güzellik Salonu, Erenköy Değerbilir sokak, Barış Apt No:1 Daire:1, 34738 Kadıköy, Türkiye","Kadıköy","TR",,"0x14cac7a4d67f9fcd:0x6b075d54dce2759e","/g/11c72syf47","40.973953","29.0701621","Erenköy Değerbilir sokak, Barış Apt No:1 Daire:1","+902163634948","(0216) 363 49 48","ChIJzZ9_1qTHyhQRnnXi3FRdB2s","8pm","Saturday","9:30am","8pm","Friday","9:30am","8pm","Thursday","9:30am","8pm","Wednesday","9:30am","8pm","Tuesday","9:30am","8pm","Monday","9:30am",,"Sunday",,"8pm","Saturday","9:30am","34738","19","İstanbul","Erenköy Değerbilir sokak, Barış Apt No:1 Daire:1","Hatime Güzellik Salonu","4.8",
"MİEN BEAUTY GÜZELLİK MERKEZİ, Bağlarbaşı, Bağdat Cad. no:394, 34844 Maltepe/İstanbul, Türkiye","Maltepe","TR",,"0x14cac721239e09fb:0xe591961da3197100","/g/11sjfvcb0z","40.9219532","29.1353161","Bağdat Cad. no:394","+905443141048","0544 314 10 48","ChIJ-wmeIyHHyhQRAHEZox2WkeU","8pm","Saturday","9:30am","8pm","Friday","9:30am","8pm","Thursday","9:30am","8pm","Wednesday","9:30am","8pm","Tuesday","9:30am","8pm","Monday","9:30am","8pm","Sunday","9:30am","8pm","Saturday","9:30am","34844","48","İstanbul","Bağdat Cad. no:394","MİEN BEAUTY GÜZELLİK MERKEZİ","4.4",
"NT Kuafor Güzellik Salonu, İdealtepe, Büyük Tur Yolu Sk. No: 57c, 34841 Maltepe/İstanbul, Türkiye","Maltepe","TR",,"0x14cac72c35e89833:0x606fdd8f87bd6e00","/g/11jtb3sqfz","40.9378616","29.11899","Büyük Tur Yolu Sk. No: 57c","+905313140881","0531 314 08 81","ChIJM5joNSzHyhQRAG69h4_db2A","8pm","Saturday","8:30am","8pm","Friday","8:30am","8pm","Thursday","8:30am","8pm","Wednesday","8:30am","8pm","Tuesday","8:30am",,"Monday",,"8pm","Sunday","8:30am","8pm","Saturday","8:30am","34841","17","İstanbul","Büyük Tur Yolu Sk. No: 57c","NT Kuafor Güzellik Salonu","4.7",
"Güzellik Durağı Güzellik Salonu, Altayçeşme, Farabi Sk. No:4 K:2 D:4, 34000 Maltepe/İstanbul, Türkiye","Maltepe","TR",,"0x14cac73b79c5c6ad:0x358a307aec89b630","/g/11wj46znrl","40.9271721","29.1303185","Farabi Sk. No:4 K:2 D:4","+905052747787","0505 274 77 87","ChIJrcbFeTvHyhQRMLaJ7HowijU","7pm","Saturday","10am","7pm","Friday","10am","7pm","Thursday","10am","7pm","Wednesday","10am","7pm","Tuesday","10am","7pm","Monday","10am",,"Sunday",,"7pm","Saturday","10am","34000","29","İstanbul","Farabi Sk. No:4 K:2 D:4","Güzellik Durağı Güzellik Salonu","4.6",
"Salon Cımbız - Kuaför & Güzellik Merkezi, Feyzullah, Serap Cd., 34500 Maltepe/İstanbul, Türkiye","Maltepe","TR",,"0x14cac7e2a7d969b5:0x522e313f549ddb54","/g/11qm0cvzw3","40.9284578","29.125484","Serap Cd.","+905342545526","0534 254 55 26","ChIJtWnZp-LHyhQRVNudVD8xLlI","7:30pm","Saturday","9:30am","7:30pm","Friday","9:30am","7:30pm","Thursday","9:30am","7:30pm","Wednesday","9:30am",,"Tuesday",,"7:30pm","Monday","9:30am","5pm","Sunday","9am","7:30pm","Saturday","9:30am","34500","44","İstanbul","Serap Cd.","Salon Cımbız - Kuaför & Güzellik Merkezi","4.7",
"Derma Vita Güzellik Merkezi, Bostancı, Sucukçu Musa Sk. Akarsu Apt No.9 Daire 1, 34744 Kadıköy/İstanbul, Türkiye","Kadıköy","TR",,"0x14cac7397418ac67:0x7e6099396cb56e2c","/g/11l6j3d57p","40.9533937","29.0926693","Sucukçu Musa Sk. Akarsu Apt No.9 Daire 1","+905330462587","0533 046 25 87","ChIJZ6wYdDnHyhQRLG61bDmZYH4","7:30pm","Saturday","9am","7:30pm","Friday","9am","7:30pm","Thursday","9am","7:30pm","Wednesday","9am","7:30pm","Tuesday","9am","7:30pm","Monday","9am",,"Sunday",,"7:30pm","Saturday","9am","34744","5","İstanbul","Sucukçu Musa Sk. Akarsu Apt No.9 Daire 1","Derma Vita Güzellik Merkezi","5",
"MURAT AKYOL GÜZELLİK SALONU, Suadiye, Emin Ali Paşa Cd. No:22, 34740 Kadıköy/İstanbul, Türkiye","Kadıköy","TR",,"0x14cab87faa68c331:0x41c207fa41461e1","/g/11c5zsb80c","40.9625834","29.0856432","Emin Ali Paşa Cd. No:22","+905316636262","0531 663 62 62","ChIJMcNoqn-4yhQR4WEUpH8gHAQ","7pm","Saturday","9am","7pm","Friday","9am","7pm","Thursday","9am","7pm","Wednesday","9am","7pm","Tuesday","9am",,"Monday",,"7pm","Sunday","9am","7pm","Saturday","9am","34740","131","İstanbul","Emin Ali Paşa Cd. No:22","MURAT AKYOL GÜZELLİK SALONU","4.1",
"Özgür Kuaför Güzellik Salonu, 5, Küçükyalı, Işıklı Sk., 34840 Maltepe/İstanbul, Türkiye","Maltepe","TR",,"0x14cac6f34732bb87:0x3bdbfd77b51aca16","/g/11dylr5_27","40.9512415","29.1146666","5, Işıklı Sk.","+902164174317","(0216) 417 43 17","ChIJh7syR_PGyhQRFsoatXf92zs","8pm","Saturday","10am","8pm","Friday","10am","8pm","Thursday","10am","8pm","Wednesday","10am","8pm","Tuesday","10am","8pm","Monday","10am","8pm","Sunday","10am","8pm","Saturday","10am","34840","14","İstanbul","5, Işıklı Sk.","Özgür Kuaför Güzellik Salonu","4.7",
"Armagan Guzellik Salonu, 19 Mayıs, Mehpare Sokağı No:16 D:2, 34736 Kadıköy/İstanbul, Türkiye","Kadıköy","TR",,"0x14cac7ba19a99247:0xe590fc44e95a9556","/g/11c2qr47b3","40.9780065","29.0888966","Mehpare Sokağı No:16 D:2","+902163023458","(0216) 302 34 58","ChIJR5KpGbrHyhQRVpVa6UT8kOU","8pm","Saturday","9am","8pm","Friday","9am","8pm","Thursday","9am","8pm","Wednesday","9am","8pm","Tuesday","9am","8pm","Monday","9am",,"Sunday",,"8pm","Saturday","9am","34736","11","İstanbul","Mehpare Sokağı No:16 D:2","Armagan Guzellik Salonu","4.9",
"AS Beauty Center, Bağdat Caddesi, Berna Sk. No:4, 34740 Kadıköy/İstanbul, Türkiye","Kadıköy","TR",,"0x14cab9e094b7930f:0x70c75cc979771fcd","/g/11jp01f9ft","40.96365","29.0753445","Bağdat Caddesi, Berna Sk. No:4","+905462627460","0546 262 74 60","ChIJD5O3lOC5yhQRzR93eclcx3A","8pm","Saturday","10am","9pm","Friday","10am","8pm","Thursday","10am","8pm","Wednesday","10am","8pm","Tuesday","10am","8pm","Monday","10am","8pm","Sunday","10am","8pm","Saturday","10am","34740","14","İstanbul","Bağdat Caddesi, Berna Sk. No:4","AS Beauty Center","4.1",
"Miss Güzellik Salonu, Altayçeşme, Şht. Taner Çelikdemir Sk No:2, 34843 Maltepe/İstanbul, Türkiye","Maltepe","TR",,"0x14cac6a2dc84f6bf:0x7aa1a67fbe7d5599","/g/11g6pfp7_q","40.9323347","29.1284784","Şht. Taner Çelikdemir Sk No:2","+902163990818","(0216) 399 08 18","ChIJv_aE3KLGyhQRmVV9vn-moXo","10pm","Saturday","7:45am","10pm","Friday","7:45am","10pm","Thursday","7:45am","10pm","Wednesday","7:45am","10pm","Tuesday","7:45am","10pm","Monday","7:45am","10pm","Sunday","7:45am","10pm","Saturday","7:45am","34843","29","İstanbul","Şht. Taner Çelikdemir Sk No:2","Miss Güzellik Salonu","3.9",
"Nur Güzellik Salonu, Sahrayicedit mahallesi bayar caddesi, Sahrayı Cedit, Bahçeli Sk. no1, 34734 Kadıköy/İstanbul, Türkiye","Kadıköy","TR",,"0x14cac71736fa9be7:0xf0554e3c5c177bf8","/g/11fnsjtdmb","40.9788699","29.0841394","Sahrayicedit mahallesi bayar caddesi, Bahçeli Sk. no1","+905339666467","0533 966 64 67","ChIJ55v6NhfHyhQR-HsXXDxOVfA","7:30pm","Saturday","9am","7:30pm","Friday","9am","7:30pm","Thursday","9am","7:30pm","Wednesday","9am","7:30pm","Tuesday","9am","7:30pm","Monday","9am",,"Sunday",,"7:30pm","Saturday","9am","34734","17","İstanbul","Sahrayicedit mahallesi bayar caddesi, Bahçeli Sk. no1","Nur Güzellik Salonu","4.8",
"Yase Alparslan Güzellik Salonu, Bostancı, Bostaniçi Sk. No:1, 34744 Kadıköy/İstanbul, Türkiye","Kadıköy","TR",,"0x14cac7b878579d25:0xca41944dedf21ae4","/g/11sfbhv4w_","40.9566715","29.0976879","Bostaniçi Sk. No:1","+905377828969","0537 782 89 69","ChIJJZ1XeLjHyhQR5Bry7U2UQco","8pm","Saturday","9:30am","8pm","Friday","9:30am","8pm","Thursday","9:30am","8pm","Wednesday","9:30am","8pm","Tuesday","9:30am","8pm","Monday","9:30am",,"Sunday",,"8pm","Saturday","9:30am","34744","14","İstanbul","Bostaniçi Sk. No:1","Yase Alparslan Güzellik Salonu","4.4",
"Sacha Curl Kuaför ve Güzellik Salonu, Kozyatağı, Hilmi Paşa Sk, 34736 Kadıköy/İstanbul, Türkiye","Kadıköy","TR",,"0x14cac7ad16ba4089:0xe0065aaca04e0c3f","/g/11g9q9l7vd","40.9684207","29.0880964","Kozyatağı, Hilmi Paşa Sk","+902163627870","(0216) 362 78 70","ChIJiUC6Fq3HyhQRPwxOoKxaBuA","9pm","Saturday","8am","9pm","Friday","8am","9pm","Thursday","8am","9pm","Wednesday","8am","9pm","Tuesday","8am","9pm","Monday","8am","9pm","Sunday","8am","9pm","Saturday","8am","34736","147","İstanbul","Kozyatağı, Hilmi Paşa Sk","Sacha Curl Kuaför ve Güzellik Salonu","4.4",
"Eylem Uluşan Güzellik Merkezi, Bağlarbaşı, İnönü Cd. No:17 D:23, 34844 Maltepe/İstanbul, Türkiye","Maltepe","TR",,"0x14cac7bb35886e1b:0xd7425b43fd0f8cc6","/g/11sdcc7_pz","40.9226992","29.1349625","İnönü Cd. No:17 D:23","+902164577077","(0216) 457 70 77","ChIJG26INbvHyhQRxowP_UNbQtc","7pm","Saturday","10am","7pm","Friday","10am","7pm","Thursday","10am","7pm","Wednesday","10am","7pm","Tuesday","10am","7pm","Monday","10am",,"Sunday",,"7pm","Saturday","10am","34844","7","İstanbul","İnönü Cd. No:17 D:23","Eylem Uluşan Güzellik Merkezi","5",
"Aytaç Kuaför - Güzellik Salonu, Kozyatağı, Cemil Akdoğan Sok. No:18/B, 34742 Kadıköy/İstanbul, Türkiye","Kadıköy","TR",,"0x14cac64df2a5eb35:0xd3d52442d51a40a9","/g/11c6_vfrys","40.9696415","29.0963857","Cemil Akdoğan Sok. No:18/B","+902163807286","(0216) 380 72 86","ChIJNeul8k3GyhQRqUAa1UIk1dM","8:30pm","Saturday","7:30am","8pm","Friday","7:30am","8pm","Thursday","7:30am","8pm","Wednesday","7:30am","8pm","Tuesday","7:30am","8pm","Monday","7:30am","8pm","Sunday","10am","8:30pm","Saturday","7:30am","34742","143","İstanbul","Cemil Akdoğan Sok. No:18/B","Aytaç Kuaför - Güzellik Salonu","4.6",
"Meso Clinica Estetik Ve Güzellik Merkezi, Nişancı Apartmanı, Caddebostan, Bağdat Cad. No:353 D:11, 34740 Kadıköy/İstanbul, Türkiye","Kadıköy","TR",,"0x14cac76da5f934d3:0x6a54f4c92a465403","/g/11lvz4yfgn","40.963847","29.074796","Nişancı Apartmanı, Bağdat Cad. No:353 D:11","+905401203634","0540 120 36 34","ChIJ0zT5pW3HyhQRA1RGKsn0VGo","7:30pm","Saturday","10am","7:30pm","Friday","10am","7:30pm","Thursday","10am","7:30pm","Wednesday","10am","7:30pm","Tuesday","10am","7:30pm","Monday","10am","7:30pm","Sunday","10am","7:30pm","Saturday","10am","34740","7","İstanbul","Nişancı Apartmanı, Bağdat Cad. No:353 D:11","Meso Clinica Estetik Ve Güzellik Merkezi","5",
"Ayna Guzellik Salonu, Caddebostan, Bağdat Cad., Abdülkadir Noyan Sok. Birlik Apt. No:14 D:1-2, 34728 Kadıköy/İstanbul, Türkiye","Kadıköy","TR",,"0x14cac70c83387fb5:0xa741abba2a9c10d9","/g/11b6jh6814",,,"Bağdat Cad., Abdülkadir Noyan Sok. Birlik Apt. No:14 D:1-2","+902163632930","(0216) 363 29 30","ChIJtX84gwzHyhQR2RCcKrqrQac","6:30pm","Saturday","9:30am","6:30pm","Friday","9:30am","6:30pm","Thursday","9:30am","6:30pm","Wednesday","9:30am","6:30pm","Tuesday","9:30am","6:30pm","Monday","9:30am",,"Sunday",,"6:30pm","Saturday","9:30am","34728","7","İstanbul","Bağdat Cad., Abdülkadir Noyan Sok. Birlik Apt. No:14 D:1-2","Ayna Guzellik Salonu",,
"Ebruli Güzellik Salonu, Fahrettin Kerim Gökay Caddesi No: 253/C Sahrayıcedid, 34734 Kadıköy/İstanbul, Türkiye","Kadıköy","TR",,"0x14cac7bc353a1a45:0xf7bccf83e7276356","/g/1q672f8gq",,,"Fahrettin Kerim Gökay Caddesi No: 253/C Sahrayıcedid","+905423294665","0542 329 46 65","ChIJRRo6NbzHyhQRVmMn54PPvPc","8:30pm","Saturday","9am","8:30pm","Friday","9am","8:30pm","Thursday","9am","8:30pm","Wednesday","9am","8:30pm","Tuesday","9am","8:30pm","Monday","9am","6:30pm","Sunday","10:30am","8:30pm","Saturday","9am","34734","8","İstanbul","Fahrettin Kerim Gökay Caddesi No: 253/C Sahrayıcedid","Ebruli Güzellik Salonu",,
"Angel Güzellik Ve Estetik Merkezi, Mimarsinan mahallesi, Şerifali, Şenay Sok. no:25/A, 34775 Çekmeköy/İstanbul, Türkiye","Çekmeköy","TR",,"0x14cacf190a8a29c3:0x7e0ad593f543e34b","/g/11h6ns0xyd",,,"Mimarsinan mahallesi, Şenay Sok. no:25/A","+905340764088","0534 076 40 88","ChIJwymKChnPyhQRS-ND9ZPVCn4","8pm","Saturday","9am","8pm","Friday","9am","8pm","Thursday","9am","8pm","Wednesday","9am","8pm","Tuesday","9am","8pm","Monday","9am","8pm","Sunday","9am","8pm","Saturday","9am","34775","42","İstanbul","Mimarsinan mahallesi, Şenay Sok. no:25/A","Angel Güzellik Ve Estetik Merkezi",,
"Özlem YILDIRIM VIP, Bağlarbaşı mah tolga sokak Aşıklar sokak, 34742 Maltepe/İstanbul, Türkiye","Maltepe","TR",,"0x14cac6a8d97db87b:0xb2570e2d70fb08ae","/g/11f5hm1lhz",,,"Bağlarbaşı mah tolga sokak Aşıklar sokak","+905389127117","0538 912 71 17","ChIJe7h92ajGyhQRrgj7cC0OV7I",,,,,,,,,,,,,,,,,,,,,,,,,"34742","123","İstanbul","Bağlarbaşı mah tolga sokak Aşıklar sokak","Özlem YILDIRIM VIP",,
"Maltepe Leyla Güzellik, Bağlarbaşı, Bağdat Cad. No:449 D:36, 34844 Maltepe/İstanbul, Türkiye","Maltepe","TR",,"0x14cac7dd74467987:0x75c80599e80ac798","/g/11z1k3c_7m","40.9228064","29.134886","Bağdat Cad. No:449 D:36","+905448472342","0544 847 23 42","ChIJh3lGdN3HyhQRmMcK6JkFyHU","24 hours","Saturday","24 hours","24 hours","Saturday","24 hours",,,,,,,,,,,,,,,,,,,"34844",,"İstanbul","Bağdat Cad. No:449 D:36","Maltepe Leyla Güzellik",,
"Elif Ercanoğlu Beauty Studio, Bağlarbaşı, Bağdat Cad. Yenice İş Merkezi No 427 A Blok Daire:24, 34840 Maltepe/İstanbul, Türkiye","Maltepe","TR",,"0x14cab9600bd36013:0x9065493e3b5018c4","/g/11t5lxnyjx","40.9242269","29.132606","Bağdat Cad. Yenice İş Merkezi No 427 A Blok Daire:24","+905301378212","0530 137 82 12","ChIJE2DTC2C5yhQRxBhQOz5JZZA","9pm","Saturday","9am","9pm","Saturday","9am",,,,,,,,,,,,,,,,,,,"34840",,"İstanbul","Bağdat Cad. Yenice İş Merkezi No 427 A Blok Daire:24","Elif Ercanoğlu Beauty Studio",,
"DermAsia, Altayçeşme, Oba Çk. No:7, 34843 Maltepe/İstanbul, Türkiye","Maltepe","TR",,"0x14cac69622e13e19:0x695a162bffb5de87","/g/11c4nsj2yf","40.936954","29.123203","Oba Çk. No:7","+902163710555","(0216) 371 05 55","ChIJGT7hIpbGyhQRh961_ysWWmk","7pm","Saturday","9am","7pm","Saturday","9am",,,,,,,,,,,,,,,,,,,"34843",,"İstanbul","Oba Çk. No:7","DermAsia",,
"ESTEBİRR GÜZELLİK MERKEZİ, İnönü, Rüzgar Sk. No:7 Kat 2 Daire 8, 34755 Ataşehir/İstanbul, Türkiye","Ataşehir","TR",,"0x14cac7aedf0af571:0xa59745e20ac7102","/g/11g24wyd95","40.9783598","29.1271816","Rüzgar Sk. No:7 Kat 2 Daire 8","+905071067271","0507 106 72 71","ChIJcfUK367HyhQRAnGsIF50WQo","7:30pm","Saturday","9:30am","7:30pm","Friday","9:30am","7:30pm","Thursday","9:30am","7:30pm","Wednesday","9:30am","8:30pm","Tuesday","9:30am","7:30pm","Monday","9:30am",,"Sunday",,"7:30pm","Saturday","9:30am","34755","116","İstanbul","Rüzgar Sk. No:7 Kat 2 Daire 8","ESTEBİRR GÜZELLİK MERKEZİ","4.9",
"Serpil Cömert Güzellik Merkezi, İçerenköy, Karslı Ahmet Cd. No:67/69, 34000 Ataşehir/İstanbul, Türkiye","Ataşehir","TR",,"0x14cac7f68d3fdf77:0xd7467a82b129d2b5","/g/11k3dcbty4","40.976586","29.1143375","Karslı Ahmet Cd. No:67/69",,,"ChIJd98_jfbHyhQRtdIpsYJ6Rtc","7pm","Saturday","9am","7pm","Friday","9am","7pm","Thursday","9am","7pm","Wednesday","9am","7pm","Tuesday","9am","7pm","Monday","9am",,"Sunday",,"7pm","Saturday","9am","34000","87","İstanbul","Karslı Ahmet Cd. No:67/69","Serpil Cömert Güzellik Merkezi","5",
"Guler Guzellik Salonu, Kozyatağı, İnönü Cd. No:44/A, 34736 Kadıköy/İstanbul, Türkiye","Kadıköy","TR",,"0x14cac7b444a5bbaf:0xd53231b38b12535c","/g/1ptyxmp30","40.979357","29.0879453","İnönü Cd. No:44/A","+902163574797","(0216) 357 47 97","ChIJr7ulRLTHyhQRXFMSi7MxMtU","8pm","Saturday","9am","8pm","Friday","9am","8pm","Thursday","9am","8pm","Wednesday","9am","8pm","Tuesday","9am","8pm","Monday","9am","7pm","Sunday","9am","8pm","Saturday","9am","34736","61","İstanbul","İnönü Cd. No:44/A","Guler Guzellik Salonu","4.8",
"Madam Giz Protez Tırnak, Merkez Mah, Küçükyalı, Ahmet Kutsi Tecer Sk. No:17, 34840 Maltepe/İstanbul, Türkiye","Maltepe","TR",,"0x14cac7f13d907785:0x7724155ce7520ecb","/g/11ry4v8b3c","40.9466923","29.1098625","Merkez Mah, Ahmet Kutsi Tecer Sk. No:17","+905325455161","0532 545 51 61","ChIJhXeQPfHHyhQRyw5S51wVJHc",,"Saturday","Eid al-Adha hours","8pm","Friday","11am","8pm","Thursday","11am","8pm","Wednesday","11am","8pm","Tuesday","11am","8pm","Monday","11am",,"Sunday",,,"Saturday","Eid al-Adha hours","34840","64","İstanbul","Merkez Mah, Ahmet Kutsi Tecer Sk. No:17","Madam Giz Protez Tırnak","4.9",
"İmza Güzellik Merkezi, Bağlarbaşı, Atatürk Cd. Erman Apt. 32/1, 34844 Maltepe/İstanbul, Türkiye","Maltepe","TR",,"0x14cac7696a79d865:0x9a3e4d5c87a424f2","/g/11nhzx5r42","40.9236741","29.1306664","Atatürk Cd. Erman Apt. 32/1","+905388743800","0538 874 38 00","ChIJZdh5amnHyhQR8iSkh1xNPpo","7:30pm","Saturday","10am","7:30pm","Friday","10am","7:30pm","Thursday","10am","7:30pm","Wednesday","10am","7:30pm","Tuesday","10am","7:30pm","Monday","10am","7:30pm","Sunday","10am","7:30pm","Saturday","10am","34844",,"İstanbul","Atatürk Cd. Erman Apt. 32/1","İmza Güzellik Merkezi",,
"Meliha Aytekin Kuaför ve Güzellik Salonu, Kozyatağı, Değirmen Sk. Şaşmaz C1 Blok No:9/E, 34742 Kadıköy/İstanbul, Türkiye","Kadıköy","TR",,"0x14cac71170cc65ad:0x55b0bf31f3462bb0","/g/11vlbt897_","40.9744533","29.098247","Değirmen Sk. Şaşmaz C1 Blok No:9/E","+902163848916","(0216) 384 89 16","ChIJrWXMcBHHyhQRsCtG8zG_sFU","7:30pm","Saturday","9am","7:30pm","Friday","9am","7:30pm","Thursday","9am","7:30pm","Wednesday","9am","7:30pm","Tuesday","9am","7:30pm","Monday","9am",,"Sunday",,"7:30pm","Saturday","9am","34742","92","İstanbul","Değirmen Sk. Şaşmaz C1 Blok No:9/E","Meliha Aytekin Kuaför ve Güzellik Salonu","4.9",
"Ayvaz Kurubal | Kuaför | Güzellik Salonları | Sahil Şubesi, Yalı Mah, Sahil, Mareşal Fevzi Çakmak Cd. No:20 D:11, 34844 Maltepe/İstanbul, Türkiye","Maltepe","TR",,"0x14cac747938f5b19:0x8135bf8ffb780f94","/g/11trls91qx","40.9191844","29.1320222","Yalı Mah, Mareşal Fevzi Çakmak Cd. No:20 D:11","+905322940466","0532 294 04 66","ChIJGVuPk0fHyhQRlA94-4-_NYE","8:30pm","Saturday","8am","8:30pm","Friday","8am","8:30pm","Thursday","8am","8:30pm","Wednesday","8am",,"Tuesday",,"8:30pm","Monday","8am","8:30pm","Sunday","8am","8:30pm","Saturday","8am","34844","2","İstanbul","Yalı Mah, Mareşal Fevzi Çakmak Cd. No:20 D:11","Ayvaz Kurubal | Kuaför | Güzellik Salonları | Sahil Şubesi","5",
"Bi Dünya Güzellik, Bağlarbaşı mah. Eğri sokak, Yıldız apt. no:3 d:2 kat:1, 34844 Maltepe/İstanbul, Türkiye","Maltepe","TR",,"0x14cac779b3b88dfd:0x83319e2d014887da","/g/11j4n3x7yz","40.9224561","29.1300355","Bağlarbaşı mah. Eğri sokak, Yıldız apt. no:3 d:2 kat:1","+905525599707","0552 559 97 07","ChIJ_Y24s3nHyhQR2odIAS2eMYM","7pm","Saturday","10am","7pm","Friday","10am","7pm","Thursday","10am","7pm","Wednesday","10am","7pm","Tuesday","10am","7pm","Monday","10am",,"Sunday",,"7pm","Saturday","10am","34844","14","İstanbul","Bağlarbaşı mah. Eğri sokak, Yıldız apt. no:3 d:2 kat:1","Bi Dünya Güzellik","4.4",
"Seray Güzellik Salonu, Küçükyalı, Gümüşçü Sokağı, 34840 Maltepe/İstanbul, Türkiye","Maltepe","TR",,"0x14cac6ee6b6dee4d:0xbb8983f0cb5da50","/g/11dftlyh9b",,,"Gümüşçü Sokağı","+905305472824","0530 547 28 24","ChIJTe5ta-7GyhQRUNq1DD-YuAs","6pm","Saturday","10am","6pm","Friday","10am",,"Thursday",,"6pm","Wednesday","10am","6pm","Tuesday","10am","6pm","Monday","10am",,"Sunday",,"6pm","Saturday","10am","34840","6","İstanbul","Gümüşçü Sokağı","Seray Güzellik Salonu",,
"Pırlanta Güzellik Merkezi, Bağlarçeşme Mah. 1103 sok. No:15 Kat:3 Panaroma İş Merkezi, Esenyurt/İstanbul, Türkiye","Esenyurt","TR",,"0x14cac69375540001:0x32d04c0da2c41026","/g/11jsgf71zs",,,"Bağlarçeşme Mah. 1103 sok. No:15 Kat:3 Panaroma İş Merkezi","+902124382425","(0212) 438 24 25","ChIJAQBUdZPGyhQRJhDEog1M0DI","7pm","Saturday","10am","7pm","Friday","10am","7pm","Thursday","10am","7pm","Wednesday","10am","7pm","Tuesday","10am","7pm","Monday","10am",,"Sunday",,"7pm","Saturday","10am",,"30","İstanbul","Bağlarçeşme Mah. 1103 sok. No:15 Kat:3 Panaroma İş Merkezi","Pırlanta Güzellik Merkezi",,
"Salon MAM Kuaför & Güzellik Salonu, Feyzullah, Krizantem Sk. No:9/B, 34843 Maltepe/İstanbul, Türkiye","Maltepe","TR",,"0x14cac72b2dc6341f:0x3b81c7f33cadf066","/g/11vq15mhn0",,,"Krizantem Sk. No:9/B","+905547706353","0554 770 63 53","ChIJHzTGLSvHyhQRZvCtPPPHgTs","8pm","Saturday","9am","8pm","Friday","9am","8pm","Thursday","9am","8pm","Wednesday","9am",,"Tuesday",,"8pm","Monday","9am","8pm","Sunday","9am","8pm","Saturday","9am","34843",,"İstanbul","Krizantem Sk. No:9/B","Salon MAM Kuaför & Güzellik Salonu",,
"Serhan Oguz Beauty Center, A Yukarı, Kızılay Blv. No:44, 34860 Kartal/İstanbul, Türkiye","Kartal","TR",,"0x14cac38323f5b8bf:0xac9cd8a949405af","/g/11cmqz2chq",,,"Kızılay Blv. No:44","+902165172970","(0216) 517 29 70","ChIJv7j1I4PDyhQRrwWUlIrNyQo","8pm","Saturday","8am","8pm","Friday","8am","8pm","Thursday","8am","8pm","Wednesday","8am",,"Tuesday",,"8pm","Monday","8am","6pm","Sunday","8am","8pm","Saturday","8am","34860","260","İstanbul","Kızılay Blv. No:44","Serhan Oguz Beauty Center",,
"Çağla oran Kuaför & Güzellik salonu, Bağlarbaşı, Bağdat Cad. No:4, 34000 Maltepe/İstanbul, Türkiye","Maltepe","TR",,"0x14cb1788fc26ca13:0xb0c3d5b1964ef49a","/g/11srpw976h",,,"Bağdat Cad. No:4","+905417921741","0541 792 17 41","ChIJE8om_IgXyxQRmvROlrHVw7A","7pm","Saturday","9am","7pm","Friday","9am","7pm","Thursday","9am","7pm","Wednesday","9am",,"Tuesday",,"5pm","Monday","9am","7pm","Sunday","9am","7pm","Saturday","9am","34000","2","İstanbul","Bağdat Cad. No:4","Çağla oran Kuaför & Güzellik salonu",,
"Büyükada adem erkek kuaförü Men's Hairdresser, Maden, Özdemir Sk. 5 a, 34970 Adalar/İstanbul, Türkiye","Adalar","TR",,"0x14cac1007b9b1745:0xbb580a9508eb1f0a","/g/11zh_qgz3v","40.8740637","29.131017","Özdemir Sk. 5 a","+905533882823","0553 388 28 23","ChIJRRebewDByhQRCh_rCJUKWLs","11:30pm","Saturday","9am","11:30pm","Saturday","9am",,,,,,,,,,,,,,,,,,,"34970",,"İstanbul","Özdemir Sk. 5 a","Büyükada adem erkek kuaförü Men's Hairdresser",,
"KUAFÖR SAVAŞ, Maden, Oltacı Sk No:5/B, 34970 Adalar/İstanbul, Türkiye","Adalar","TR",,"0x14cac184974b6391:0xb0c8ec99bf3ed040","/g/11c0xrjvvk","40.8734848","29.1295097","Oltacı Sk No:5/B","+905364115851","0536 411 58 51","ChIJkWNLl4TByhQRQNA-v5nsyLA","8pm","Saturday","9am","8pm","Saturday","9am",,,,,,,,,,,,,,,,,,,"34970",,"İstanbul","Oltacı Sk No:5/B","KUAFÖR SAVAŞ",,
"GRATİS BÜYÜKCD, Maden, Şht. Recep Koç Cd. No:38/A, 34970 Büyükada/İstanbul, Türkiye","Büyükada","TR",,"0x14cac1839d9505c7:0x1b071531fccbd737","/g/11cs6f9gxx","40.8744861","29.1304622","Şht. Recep Koç Cd. No:38/A","+908502106900","0850 210 6900","ChIJxwWVnYPByhQRN9fL_DEVBxs","9:30pm","Saturday","9am","9:30pm","Saturday","9am",,,,,,,,,,,,,,,,,,,"34970",,"İstanbul","Şht. Recep Koç Cd. No:38/A","GRATİS BÜYÜKCD",,
"STAR BARBER'S SHOP, Maden, Özdemir Sk. 9B, 34970 Adalar/İstanbul, Türkiye","Adalar","TR",,"0x14cac13968b6a0c9:0xdf8f82c723142dee","/g/11tjm03mhy","40.8740148","29.1306941","Özdemir Sk. 9B","+905324610280","0532 461 02 80","ChIJyaC2aDnByhQR7i0UI8eCj98","9pm","Saturday","9am","9pm","Saturday","9am",,,,,,,,,,,,,,,,,,,"34970",,"İstanbul","Özdemir Sk. 9B","STAR BARBER'S SHOP",,
"Gilya Beauty Maltepe, MCA CADDE AVM İç Kapı, Feyzullah, Bağdat Cad. No:286-290/1 No: 41, 34854 Maltepe/İstanbul, Türkiye","Maltepe","TR",,"0x14cac7fb0edb355b:0xbe1215ec74b4ec21","/g/11t1h9gz_n","40.9314702","29.1271277","MCA CADDE AVM İç Kapı, Bağdat Cad. No:286-290/1 No: 41","+902165045464","(0216) 504 54 64","ChIJWzXbDvvHyhQRIey0dOwVEr4","10pm","Saturday","10am","10pm","Saturday","10am",,,,,,,,,,,,,,,,,,,"34854",,"İstanbul","MCA CADDE AVM İç Kapı, Bağdat Cad. No:286-290/1 No: 41","Gilya Beauty Maltepe",,
"Daimi Güzellik, Altayçeşme Mh.Çağlayan Sk.No :1, kat 1, 34843 Maltepe/İstanbul, Türkiye","Maltepe","TR",,"0x14cac78085334fcb:0xf3f00b2004ce7007","/g/11sgz1m0kb","40.9254388","29.1312643","Altayçeşme Mh.Çağlayan Sk.No :1, kat 1","+905441521050","0544 152 10 50","ChIJy08zhYDHyhQRB3DOBCAL8PM","7:30pm","Saturday","10am","7:30pm","Friday","10am","7:30pm","Thursday","10am","7:30pm","Wednesday","10am","7:30pm","Tuesday","10am","7:30pm","Monday","10am",,"Sunday",,"7:30pm","Saturday","10am","34843","91","İstanbul","Altayçeşme Mh.Çağlayan Sk.No :1, kat 1","Daimi Güzellik","4.9",
"Belavil Guzellik Merkezi, Bağlarbaşı, İnönü Cd. No:14\32, 34844 Maltepe/İstanbul, Türkiye","Maltepe","TR",,"0x14cac72a64bc09c1:0x6786049a73705b7e","/g/11gns6dkl4","40.9225823","29.1352025","İnönü Cd. No:14\32","+902163716085","(0216) 371 60 85","ChIJwQm8ZCrHyhQRfltwc5oEhmc","7:30pm","Saturday","10am","7:30pm","Friday","10am","7:30pm","Thursday","10am","7:30pm","Wednesday","10am","7:30pm","Tuesday","10am","7:30pm","Monday","10am",,"Sunday",,"7:30pm","Saturday","10am","34844","25","İstanbul","İnönü Cd. No:14\32","Belavil Guzellik Merkezi","3.4",
"Kuafor Atilla, Yalı, Dr. Sadık Ahmet Blv. Yağmur Apt No:9 D:8/B, 34844 Maltepe/İstanbul, Türkiye","Maltepe","TR",,"0x14cac6a50dac89c3:0xbabb8a5b75d576f7","/g/1hc3zph7p","40.9168573","29.1340067","Dr. Sadık Ahmet Blv. Yağmur Apt No:9 D:8/B","+902163520915","(0216) 352 09 15","ChIJw4msDaXGyhQR93bVdVuKu7o","8pm","Saturday","8am","8pm","Friday","8am","8pm","Thursday","8am","8pm","Wednesday","8am",,"Tuesday",,"8pm","Monday","8am","8pm","Sunday","9am","8pm","Saturday","8am","34844","158","İstanbul","Dr. Sadık Ahmet Blv. Yağmur Apt No:9 D:8/B","Kuafor Atilla","4.4",
"YUVA ESTETİK, Bağlarbaşı, Bağdat Cad. No:447 D:13, 34844 Maltepe/İstanbul, Türkiye","Maltepe","TR",,"0x14cac78d0090f821:0xf1e80473aca92b71","/g/11frb26n_x","40.9231017","29.1342267","Bağdat Cad. No:447 D:13","+905331462171","0533 146 21 71","ChIJIfiQAI3HyhQRcSuprHME6PE","9pm","Saturday","10am","9pm","Friday","9am","9pm","Thursday","9am","9pm","Wednesday","9am","9pm","Tuesday","9am","9pm","Monday","9am","9pm","Sunday","10am","9pm","Saturday","10am","34844","21","İstanbul","Bağdat Cad. No:447 D:13","YUVA ESTETİK","4.5",
"Güzellik Salonu, Yalı, 34844 Maltepe/İstanbul, Türkiye","Maltepe","TR",,"0x14cac6ac1fd00b43:0xbb22631a3aba4e91","/g/11ddwt9f5h","40.9196482","29.1319326",,,,"ChIJQwvQH6zGyhQRkU66OhpjIrs",,,,,,,,,,,,,,,,,,,,,,,,,,"1","İstanbul",,"Güzellik Salonu","5",
"Goya güzellik, Altayçeşme, Bağdat Cad. No:373, 34843 Maltepe/İstanbul, Türkiye","Maltepe","TR",,"0x14cac6a4ed798e11:0x46d92178e2eff999","/g/11ggr7r44x","40.9283148","29.1294707","Bağdat Cad. No:373","+902163709913","(0216) 370 99 13","ChIJEY557aTGyhQRmfnv4ngh2UY","8pm","Saturday","8:30am","8pm","Friday","8:30am","8pm","Thursday","8:30am","8pm","Wednesday","8:30am","8pm","Tuesday","8:30am","8pm","Monday","8:30am",,"Sunday",,"8pm","Saturday","8:30am","34843","72","İstanbul","Bağdat Cad. No:373","Goya güzellik","4.2",
"Venüs Güzellik Merkezi, Altayçeşme, Bolayır Sk. Buket apartmanı no:2 daire:2, 34843 Maltepe/İstanbul, Türkiye","Maltepe","TR",,"0x14cac6a592a67343:0x462e0d7446956d44","/g/11c76lh7wt","40.9257911","29.130363","Bolayır Sk. Buket apartmanı no:2 daire:2","+902163706046","(0216) 370 60 46","ChIJQ3OmkqXGyhQRRG2VRnQNLkY","7pm","Saturday","10am","7pm","Friday","10am","7pm","Thursday","10am","7pm","Wednesday","10am","7pm","Tuesday","10am",,"Monday",,"7pm","Sunday","10am","7pm","Saturday","10am","34843","9","İstanbul","Bolayır Sk. Buket apartmanı no:2 daire:2","Venüs Güzellik Merkezi","5",
"Yare Güzellik Salonu, Yalı, Hürriyet Sk. 12/A, 34843 Maltepe/İstanbul, Türkiye","Maltepe","TR",,"0x14cac6a95b2cdcd3:0x62288e73a3e1eb9b","/g/11g6bvg5sc","40.9196336","29.1341888","Hürriyet Sk. 12/A","+905412038048","0541 203 80 48","ChIJ09wsW6nGyhQRm-vho3OOKGI","8pm","Saturday","9am","8pm","Friday","9am","8pm","Thursday","9am","8pm","Wednesday","9am","8pm","Tuesday","9am","8pm","Monday","9am","8pm","Sunday","9am","8pm","Saturday","9am","34843","2","İstanbul","Hürriyet Sk. 12/A","Yare Güzellik Salonu","3",
"La Femme | Kuaför ve Güzellik Salonu, Yalı, Mareşal Fevzi Çakmak Cd. Ata Apt no 26/A, 34873 Maltepe/İstanbul, Türkiye","Maltepe","TR",,"0x14cac7b3b479282f:0x961ee28cd74455d5","/g/11kpsvpmyt","40.9187391","29.132828","Mareşal Fevzi Çakmak Cd. Ata Apt no 26/A","+905320693864","0532 069 38 64","ChIJLyh5tLPHyhQR1VVE14ziHpY","8pm","Saturday","9am","8pm","Friday","9am","8pm","Thursday","9am","8pm","Wednesday","9am","8pm","Tuesday","9am",,"Monday",,"7pm","Sunday","9am","8pm","Saturday","9am","34873","8","İstanbul","Mareşal Fevzi Çakmak Cd. Ata Apt no 26/A","La Femme | Kuaför ve Güzellik Salonu","4.1",
"Canan Öz Güzellik Salonu, Altayçeşme, Bağdat Cad. No:409/4, 34843 Maltepe/İstanbul, Türkiye","Maltepe","TR",,"0x14cac79ebadbe829:0xa1d7c681792cf67e","/g/11jtmszj_w","40.9251699","29.130744","Bağdat Cad. No:409/4","+905418702580","0541 870 25 80","ChIJKejbup7HyhQRfvYseYHG16E","8pm","Saturday","9am","8pm","Friday","9am","8pm","Thursday","9am","8pm","Wednesday","9am","8pm","Tuesday","9am","8pm","Monday","9am","8pm","Sunday","9am","8pm","Saturday","9am","34843","3","İstanbul","Bağdat Cad. No:409/4","Canan Öz Güzellik Salonu","5",
"Begüm Güney Güzellik Salonu, Bağlarbaşı, Beşevler Sk. No:6 D:3, 34854 Maltepe/İstanbul, Türkiye","Maltepe","TR",,"0x14cac7eff56fb419:0xe64b1df1b175b9d","/g/11fkr1cf5k","40.9251768","29.1321755","Beşevler Sk. No:6 D:3","+905442144752","0544 214 47 52","ChIJGbRv9e_HyhQRnVsXG9-xZA4","8pm","Saturday","10am","8pm","Friday","10am","8pm","Thursday","10am","8pm","Wednesday","10am","8pm","Tuesday","10am","8pm","Monday","10am",,"Sunday",,"8pm","Saturday","10am","34854","2","İstanbul","Beşevler Sk. No:6 D:3","Begüm Güney Güzellik Salonu","5",
"Gülten & Yeşim Güzellik Merkezi, Altayçeşme, Bağdat Cad. Plaj Apartmanı No:393 No:393 Daire: 2, 34843 Maltepe/İstanbul, Türkiye","Maltepe","TR",,"0x14cac76bba834a33:0x2b9a79568b15f7b5","/g/11mb0q041l","40.9262492","29.129982","Bağdat Cad. Plaj Apartmanı No:393 No:393 Daire: 2","+905323108671","0532 310 86 71","ChIJM0qDumvHyhQRtfcVi1Z5mis",,"Saturday","Eid al-Adha might affect these hours","7:30pm","Friday","9am","7:30pm","Thursday","9am","7:30pm","Wednesday","9am","7:30pm","Tuesday","9am","7:30pm","Monday","9am",,"Sunday",,,"Saturday","Eid al-Adha might affect these hours","34843","8","İstanbul","Bağdat Cad. Plaj Apartmanı No:393 No:393 Daire: 2","Gülten & Yeşim Güzellik Merkezi","5",
"C&G HAİR ART, Kınalı ada, Kınalıada, Akasya Cd. NO/30B, 34977 Adalar/İstanbul, Türkiye","Adalar","TR",,"0x14cac1e70a9886bd:0xad0bac5166ccacce","/g/11rwpkm4y7","40.9107996","29.0543298","Kınalı ada, Akasya Cd. NO/30B","+902163817047","(0216) 381 70 47","ChIJvYaYCufByhQRzqzMZlGsC60","7:30pm","Saturday","8:30am","7:30pm","Friday","8:30am","7:30pm","Thursday","8:30am","7:30pm","Wednesday","8:30am","7:30pm","Tuesday","8:30am","7:30pm","Monday","8:30am",,"Sunday",,"7:30pm","Saturday","8:30am","34977",,"İstanbul","Kınalı ada, Akasya Cd. NO/30B","C&G HAİR ART",,
"Begüm Güney Güzellik Salonu, Bağlarbaşı, İnönü Cd. 14b D:14b, 34844 Maltepe/İstanbul, Türkiye","Maltepe","TR",,"0x14cac72e15e03123:0xa3ee1f02cdbd532f","/g/11fkr17tn8","40.9226433","29.1351595","İnönü Cd. 14b D:14b","+905442144752","0544 214 47 52","ChIJIzHgFS7HyhQRL1O9zQIf7qM","8pm","Saturday","8:30am","8pm","Friday","8:30am","8pm","Thursday","8:30am","8pm","Wednesday","8:30am","8pm","Tuesday","8:30am","8pm","Monday","8:30am","8pm","Sunday","8:30am","8pm","Saturday","8:30am","34844","1","İstanbul","İnönü Cd. 14b D:14b","Begüm Güney Güzellik Salonu","1",
"Asude Güzellik Salonu, Feyzullah, Kaptan Sk. No:6, 34843 Maltepe/İstanbul, Türkiye","Maltepe","TR",,"0x14cac6a51707ebd7:0x4c4ed5d1ab3910b5","/g/11f7fv3bjs","40.9267331","29.1290738","Kaptan Sk. No:6",,,"ChIJ1-sHF6XGyhQRtRA5q9HVTkw",,,,,,,,,,,,,,,,,,,,,,,,,"34843","1","İstanbul","Kaptan Sk. No:6","Asude Güzellik Salonu","5",
"D&M Güzellik, Altayçeşme, Farabi Sk. No:4/1, 34843 Maltepe/İstanbul, Türkiye","Maltepe","TR",,"0x14cac6a4ff95520f:0x5e1cb92c5b7bbb41","/g/11jylqs21w","40.927173","29.130253","Farabi Sk. No:4/1","+905324887897","0532 488 78 97","ChIJD1KV_6TGyhQRQbt7Wyy5HF4",,,,,,,,,,,,,,,,,,,,,,,,,"34843","1","İstanbul","Farabi Sk. No:4/1","D&M Güzellik","5",
"Güney Bayan Kuaförü ve Güzellik Salonu (Küçükyalı), Çınar, Mustafa Kemâl Atatürk Cd No:24 A, 34841 Maltepe/İstanbul, Türkiye","Maltepe","TR",,"0x14cac6f2bc44ac05:0xa614d95d28ac1bf8","/g/11cs3b1k1h","40.9483692","29.1147915","Mustafa Kemâl Atatürk Cd No:24 A","+905377071126","0537 707 11 26","ChIJBaxEvPLGyhQR-BusKF3ZFKY","8pm","Saturday","9am","8pm","Friday","9am","8pm","Thursday","9am","8pm","Wednesday","9am",,"Tuesday",,"8pm","Monday","9am","8pm","Sunday","9am","8pm","Saturday","9am","34841","43","İstanbul","Mustafa Kemâl Atatürk Cd No:24 A","Güney Bayan Kuaförü ve Güzellik Salonu (Küçükyalı)","4.6",
"Turkana Beauty Center / Yeşilköy, Yeşilköy mah.Yeşil Yalı sk A-B, Yeşilköy, 1 İç kapı no 2 No 6, 34149 Bakırköy/İstanbul, Türkiye","Bakırköy","TR",,"0x14caa3bb420dd103:0x627b944526a8d420","/g/11q8423wx_","40.9586414","28.8235546","Yeşilköy mah.Yeşil Yalı sk A-B, 1 İç kapı no 2 No 6","+905538121410","0553 812 14 10","ChIJA9ENQrujyhQRINSoJkWUe2I","7pm","Saturday","9am","7pm","Saturday","9am",,,,,,,,,,,,,,,,,,,"34149",,"İstanbul","Yeşilköy mah.Yeşil Yalı sk A-B, 1 İç kapı no 2 No 6","Turkana Beauty Center / Yeşilköy",,
"Salon adem temel, Yeşilköy, Teyyareci Nuri Sk. No:7/A, 34149 Bakırköy/İstanbul, Türkiye","Bakırköy","TR",,"0x14caa3634f6a0bf5:0xa55a1281290a9f1a","/g/11p5_8pv2_","40.9589674","28.8311561","Teyyareci Nuri Sk. No:7/A","+905525711818","0552 571 18 18","ChIJ9QtqT2OjyhQRGp8KKYESWqU","8am","Saturday","12","8am","Saturday","12",,,,,,,,,,,,,,,,,,,"34149",,"İstanbul","Teyyareci Nuri Sk. No:7/A","Salon adem temel",,
"Dr. Deniz Eskiçakıt Medikal Estetik Kliniği, Yeşilköy, Serbesti Cd. No:62/2, 34149 Bakırköy/İstanbul, Türkiye","Bakırköy","TR",,"0x14caa3b829991d79:0x57df9909ae6edec7","/g/11m_7m43nl","40.9593681","28.8348052","Serbesti Cd. No:62/2","+905326807080","0532 680 70 80","ChIJeR2ZKbijyhQRx95urgmZ31c","6pm","Saturday","9am","6pm","Saturday","9am",,,,,,,,,,,,,,,,,,,"34149",,"İstanbul","Serbesti Cd. No:62/2","Dr. Deniz Eskiçakıt Medikal Estetik Kliniği",,
"Marinna Beauty, Yeşilköy, Bıldırcın Sk. No: 7, 34149 Bakırköy/İstanbul, Türkiye","Bakırköy","TR",,"0x14caa31504ed8e2d:0x85c291898c4afcee","/g/11l_1fv21y","40.9600936","28.8202478","Bıldırcın Sk. No: 7","+905422587402","0542 258 74 02","ChIJLY7tBBWjyhQR7vxKjImRwoU","7pm","Saturday","9am","7pm","Saturday","9am",,,,,,,,,,,,,,,,,,,"34149",,"İstanbul","Bıldırcın Sk. No: 7","Marinna Beauty",,
"Pose kuaför - by hakkı can bulut & Ceyhun Karaca, Yeşilköy, İstasyon Cd. no :77, 34149 Bakırköy/İstanbul, Türkiye","Bakırköy","TR",,"0x14caa39f6b87f235:0x5c3a0273a8daad04","/g/11xyw0zs10","40.9583747","28.8217039","İstasyon Cd. no :77","+905428246514","0542 824 65 14","ChIJNfKHa5-jyhQRBK3aqHMCOlw",,"Saturday","Eid al-Adha hours",,"Saturday","Eid al-Adha hours",,,,,,,,,,,,,,,,,,,"34149",,"İstanbul","İstasyon Cd. no :77","Pose kuaför - by hakkı can bulut & Ceyhun Karaca",,
"Zen Esthetic & Beauty Institute, Yeşilköy, İstasyon Cd. 10/1, 34149 Bakırköy/İstanbul, Türkiye","Bakırköy","TR",,"0x14caa31f303c7935:0x9111198f0a5f9a65","/g/1v47p2wd","40.961045","28.824039","İstasyon Cd. 10/1","+902126635822","(0212) 663 58 22","ChIJNXk8MB-jyhQRZZpfCo8ZEZE","7pm","Saturday","10am","7pm","Saturday","10am",,,,,,,,,,,,,,,,,,,"34149",,"İstanbul","İstasyon Cd. 10/1","Zen Esthetic & Beauty Institute",,
"Serhat Bayram Hair Stylist & Beauty studio, Renaissance Polat İstanbul Hotel, Yeşilyurt, Sahil Yolu Cd. No:2, 34149 Bakırköy, Türkiye","Bakırköy","TR",,"0x14caa388e986a9e5:0xdaf58a63bf067189","/g/11h6rvx1wr","40.9595914","28.8388756","Renaissance Polat İstanbul Hotel, Sahil Yolu Cd. No:2","+905346216046","0534 621 60 46","ChIJ5amG6YijyhQRiXEGv2OK9do","10am","Saturday","8","10am","Saturday","8",,,,,,,,,,,,,,,,,,,"34149",,"İstanbul","Renaissance Polat İstanbul Hotel, Sahil Yolu Cd. No:2","Serhat Bayram Hair Stylist & Beauty studio",,
"Prive Spa & Masaj Salonu Bakırköy, Yeşilyurt, Demet Sk. No: 1/6, 34149 Bakırköy/İstanbul, Türkiye","Bakırköy","TR",,"0x14caa34f318f025f:0x57d998927432f246","/g/11xrz9pv5t","40.9603051","28.8380936","Demet Sk. No: 1/6",,,"ChIJXwKPMU-jyhQRRvIydJKY2Vc","24 hours","Saturday","24 hours","24 hours","Saturday","24 hours",,,,,,,,,,,,,,,,,,,"34149",,"İstanbul","Demet Sk. No: 1/6","Prive Spa & Masaj Salonu Bakırköy",,
"B.A.C Burhan Acarer Cafe - Makyaj & Kuaför, Yeşilköy, Yeşilköy İstanbul Cd. No:76, 34149 Bakırköy/İstanbul, Türkiye","Bakırköy","TR",,"0x14caa2e03b4e5cb7:0x85d18a6c2fc01df9","/g/11cs392xwl","40.9588677","28.834539","Yeşilköy İstanbul Cd. No:76",,,"ChIJt1xOO-CiyhQR-R3AL2yK0YU",,,,,,,,,,,,,,,,,,,,,,,,,"34149",,"İstanbul","Yeşilköy İstanbul Cd. No:76","B.A.C Burhan Acarer Cafe - Makyaj & Kuaför",,
"Ceyhun & Suleyman kuaför salonu, Apdullah Apartmani, Ümraniye Mah, Yeşilköy, Doğru Yol Sk. No:6, 34149 Bakırköy/İstanbul, Türkiye","Bakırköy","TR",,"0x14caa2fc58f2a7e1:0x6a9e397300bb13fa","/g/11dxf0n1g4","40.959798","28.8216559","Apdullah Apartmani, Ümraniye Mah, Doğru Yol Sk. No:6","+902126638137","(0212) 663 81 37","ChIJ4afyWPyiyhQR-hO7AHM5nmo","8pm","Saturday","8:30am","8pm","Saturday","8:30am",,,,,,,,,,,,,,,,,,,"34149",,"İstanbul","Apdullah Apartmani, Ümraniye Mah, Doğru Yol Sk. No:6","Ceyhun & Suleyman kuaför salonu",,
"Desmocollin Güzellik, Şirinevler, Meriç Sk No:26, 34188, 34188 Bahçelievler/İstanbul, Türkiye","Bahçelievler","TR",,"0x14caa3289f681419:0x76473f108993f996","/g/11h1hv9vhl","40.9925526","28.8437558","Meriç Sk No:26, 34188","+905326015434","0532 601 54 34","ChIJGRRonyijyhQRlvmTiRA_R3Y","7:30pm","Saturday","11am","7:30pm","Saturday","11am",,,,,,,,,,,,,,,,,,,"34188",,"İstanbul","Meriç Sk No:26, 34188","Desmocollin Güzellik",,
"Kuaför uğur yeşilköy, Ugur kuafor ÇÇ, Yeşilköy, 14 Nisan Cd. No:21, 34149 Bakırköy/İstanbul, Türkiye","Bakırköy","TR",,"0x14caa3df8977cee5:0x4deae293a1ee2c37","/g/11k155lwrn","40.9586721","28.8263136","Ugur kuafor ÇÇ, 14 Nisan Cd. No:21","+905350605212","0535 060 52 12","ChIJ5c53id-jyhQRNyzuoZPi6k0","7:30pm","Saturday","8:30am","7:30pm","Saturday","8:30am",,,,,,,,,,,,,,,,,,,"34149",,"İstanbul","Ugur kuafor ÇÇ, 14 Nisan Cd. No:21","Kuaför uğur yeşilköy",,
"Saloon ESSA, Renaissance Polat İstanbul Hotel B2 Saloon ESSA, Yeşilyurt, Sahil Yolu Cd., 34450 Bakırköy/İstanbul, Türkiye","Bakırköy","TR",,"0x14caa3268a035047:0x9b9fd38fb7872bef","/g/11v07qf0tb","40.9599","28.8393947","Renaissance Polat İstanbul Hotel B2 Saloon ESSA, Sahil Yolu Cd.","+902125738129","(0212) 573 81 29","ChIJR1ADiiajyhQR7yuHt4_Tn5s","7:30pm","Saturday","9am","7:30pm","Saturday","9am",,,,,,,,,,,,,,,,,,,"34450",,"İstanbul","Renaissance Polat İstanbul Hotel B2 Saloon ESSA, Sahil Yolu Cd.","Saloon ESSA",,
"Kuafor Veysel, Yeşilköy, Sahil Yolu Cd. Polat Renaissance Hotel No:2, 34149 Bakırköy/İstanbul - Avrupa, Türkiye","Bakırköy","TR",,"0x14caa32050c950fb:0x517e7f59593d9fd","/g/1td44_4n","40.9601","28.8389","Sahil Yolu Cd. Polat Renaissance Hotel No:2","+902126620816","(0212) 662 08 16","ChIJ-1DJUCCjyhQR_dmTlfXnFwU","8:30pm","Saturday","7am","8:30pm","Friday","7am","8:30pm","Thursday","7am","8:30pm","Wednesday","7am","8:30pm","Tuesday","7am","8:30pm","Monday","7am","8:30pm","Sunday","7am","8:30pm","Saturday","7am","34149","6","İstanbul - Avrupa","Sahil Yolu Cd. Polat Renaissance Hotel No:2","Kuafor Veysel","4.8",
"Roya Güzellik Salonu Kuaför, Yeşilköy Mah., İstasyon Cad No: 3 Giriş D: 1, 34149 Bakırköy/İstanbul, Türkiye","Bakırköy","TR",,"0x14caa325e8c09935:0xcc2468c845f6039c","/g/11grvk1x1g","40.9617903","28.8248931","Yeşilköy Mah., İstasyon Cad No: 3 Giriş D: 1","+905397752935","0539 775 29 35","ChIJNZnA6CWjyhQRnAP2RchoJMw","8pm","Saturday","8am","8pm","Friday","8am","8pm","Thursday","8am","8pm","Wednesday","8am","8pm","Tuesday","8am","8pm","Monday","8am","8pm","Sunday","8am","8pm","Saturday","8am","34149","4","İstanbul","Yeşilköy Mah., İstasyon Cad No: 3 Giriş D: 1","Roya Güzellik Salonu Kuaför","4",
"Birgül Çoban Estetik&Güzellik Merkezi, Fişek Ap Daire: 4 No:30, Zeytinlik, Fişekhane Cd., 34140 Bakırköy/İstanbul, Türkiye","Bakırköy","TR",,"0x14caa3ead6e73bdb:0x74a48d0bc41763ef","/g/11gdkpf3t_","40.9783545","28.8722189","Fişek Ap Daire: 4 No:30, Fişekhane Cd.","+905453024344","0545 302 43 44","ChIJ2zvn1uqjyhQR72MXxAuNpHQ","7:30pm","Saturday","9:30am","7:30pm","Friday","9:30am","7:30pm","Thursday","9:30am","7:30pm","Wednesday","9:30am","7:30pm","Tuesday","9:30am","7:30pm","Monday","9:30am",,"Sunday",,"7:30pm","Saturday","9:30am","34140","187","İstanbul","Fişek Ap Daire: 4 No:30, Fişekhane Cd.","Birgül Çoban Estetik&Güzellik Merkezi","4.7",
"Estera Zeytinburnu Güzellik, Lazer Epilasyon ve Cilt Bakımı, Gökalp, 58. Bulvar Cd. No:63, 34025 Zeytinburnu/İstanbul, Türkiye","Zeytinburnu","TR",,"0x14cabb5d23e3c299:0x31ff8c6fdf8d74fd","/g/11j1mg7ysx","40.9906209","28.9038513","58. Bulvar Cd. No:63","+905378117666","0537 811 76 66","ChIJmcLjI127yhQR_XSN32-M_zE","8pm","Saturday","9:30am","8pm","Friday","9:30am","8pm","Thursday","9:30am","8pm","Wednesday","9:30am","8pm","Tuesday","9:30am","8pm","Monday","9:30am","8pm","Sunday","9:30am","8pm","Saturday","9:30am","34025","80","İstanbul","58. Bulvar Cd. No:63","Estera Zeytinburnu Güzellik, Lazer Epilasyon ve Cilt Bakımı","4.8",
"Salon By Hakan, Yeşilköy, Seyit Ali Sokağı No:53/A, 34149 Bakırköy/İstanbul, Türkiye","Bakırköy","TR",,"0x14caa2fced0fc7fb:0xf178289dd7bca50f","/g/11gdz03lyt","40.9593638","28.8226664","Seyit Ali Sokağı No:53/A","+902126639387","(0212) 663 93 87","ChIJ-8cP7fyiyhQRD6W8150oePE","8pm","Saturday","9am","8pm","Friday","9am","8pm","Thursday","9am","8pm","Wednesday","9am","8pm","Tuesday","9am","8pm","Monday","9am","8pm","Sunday","9am","8pm","Saturday","9am","34149","11","İstanbul","Seyit Ali Sokağı No:53/A","Salon By Hakan","4.2",
"Figaro (Oktay KIR), Yeşilköy, İstasyon Cd. No:75, 34149 Bakırköy/İstanbul, Türkiye","Bakırköy","TR",,"0x14caa2fc7fbe850f:0x8a09e1008b6a1ef9","/g/11g6mv3p6y","40.9583772","28.8217126","İstasyon Cd. No:75","+905313317927","0531 331 79 27","ChIJD4W-f_yiyhQR-R5qiwDhCYo","10:30pm","Saturday","8am","10:30pm","Friday","8am","10:30pm","Thursday","8am","10:30pm","Wednesday","8am","10:30pm","Tuesday","8am","10:30pm","Monday","8am","10:30pm","Sunday","8am","10:30pm","Saturday","8am","34149","13","İstanbul","İstasyon Cd. No:75","Figaro (Oktay KIR)","3.2",
"Mayl’s Beauty | Ataköy Protez Tırnak & Güzellik Salonu, Ataköy 7-8-9-10. Kısım E-5, Yan Yol No: 12K A Blok 187, 34158 Bakırköy/İstanbul, Türkiye","Bakırköy","TR",,"0x14caa3ab9b8ad9eb:0x8a37db3beb7e0d5e","/g/11wgf4wghd","40.9919251","28.8293414","Ataköy 7-8-9-10. Kısım E-5, Yan Yol No: 12K A Blok 187","+905079391012","0507 939 10 12","ChIJ69mKm6ujyhQRXg1-6zvbN4o","8:30pm","Saturday","10am","8:30pm","Friday","10am","8:30pm","Thursday","10am","8:30pm","Wednesday","10am","8:30pm","Tuesday","10am","8:30pm","Monday","10am","8:30pm","Sunday","10am","8:30pm","Saturday","10am","34158","202","İstanbul","Ataköy 7-8-9-10. Kısım E-5, Yan Yol No: 12K A Blok 187","Mayl’s Beauty | Ataköy Protez Tırnak & Güzellik Salonu","4.9",
"Berber Bayram, Yeşilköy, Mirasyedi Sk No:1, 34149 Bakırköy/İstanbul, Türkiye","Bakırköy","TR",,"0x14cacb00ebc6cb33:0x1c7d2d047e6d1536","/g/11ry3jphb8","40.9575199","28.821051","Mirasyedi Sk No:1","+905359510013","0535 951 00 13","ChIJM8vG6wDLyhQRNhVtfgQtfRw","7:30pm","Saturday","7:30am","7:30pm","Friday","7:30am","7:30pm","Thursday","7:30am","7:30pm","Wednesday","7:30am","7:30pm","Tuesday","7:30am","7:30pm","Monday","7:30am",,"Sunday",,"7:30pm","Saturday","7:30am","34149","11","İstanbul","Mirasyedi Sk No:1","Berber Bayram","5",
"Buse Çal Beauty | Microblading & Kalıcı Makyaj Ataköy, E5, Ataköy 7-8-9-10.Kısım Mah, Çobançeşme, Yan Yol No:22/1 A Blok Kat:12 D:175 Nef22 Sitesi, 34158 Bakırköy/İstanbul, Türkiye","Bakırköy","TR",,"0x14caa33dff7f99c5:0xdc321eb5c4be1cb1","/g/11s2rk5zby","40.9920686","28.8346892","E5, Ataköy 7-8-9-10.Kısım Mah, Yan Yol No:22/1 A Blok Kat:12 D:175 Nef22 Sitesi","+905075102068","0507 510 20 68","ChIJxZl__z2jyhQRsRy-xLUeMtw","7pm","Saturday","11am","7pm","Friday","11am","7pm","Thursday","11am","7pm","Wednesday","11am","7pm","Tuesday","11am",,"Monday",,,"Sunday",,"7pm","Saturday","11am","34158","171","İstanbul","E5, Ataköy 7-8-9-10.Kısım Mah, Yan Yol No:22/1 A Blok Kat:12 D:175 Nef22 Sitesi","Buse Çal Beauty | Microblading & Kalıcı Makyaj Ataköy","4.9",
"Tuğçe Hazırbaba Güzellik Salonu, Bahçelievler, Hacer Hanım Sk. No:3 Kat:4, 34180 Bahçelievler/İstanbul, Türkiye","Bahçelievler","TR",,"0x14cabb3046c9e00d:0x713f1fe8def80720","/g/11qqm43c60","40.996455","28.865626","Hacer Hanım Sk. No:3 Kat:4","+905072507647","0507 250 76 47","ChIJDeDJRjC7yhQRIAf43ugfP3E","8pm","Saturday","9am","8pm","Friday","9am","8pm","Thursday","9am","8pm","Wednesday","9am","8pm","Tuesday","9am","8pm","Monday","9am",,"Sunday",,"8pm","Saturday","9am","34180","177","İstanbul","Hacer Hanım Sk. No:3 Kat:4","Tuğçe Hazırbaba Güzellik Salonu","4.7",
"Do'sTa Hairstylist, Yeşilköy, Nurtopu Sk. No:2 D:1, 34149 Bakırköy/İstanbul, Türkiye","Bakırköy","TR",,"0x14caa2fc83700d8f:0xf353c62c67fa2875","/g/11dymvxcrn","40.9583335","28.8224188","Nurtopu Sk. No:2 D:1","+902126622383","(0212) 662 23 83","ChIJjw1wg_yiyhQRdSj6ZyzGU_M","8pm","Saturday","8am","8pm","Friday","8am","8pm","Thursday","8am","8pm","Wednesday","8am","8pm","Tuesday","8am","8pm","Monday","8am","8pm","Sunday","8am","8pm","Saturday","8am","34149",,"İstanbul","Nurtopu Sk. No:2 D:1","Do'sTa Hairstylist",,
"By Özlem Çelik Güzellik, Zeytinlik Mah. Fişekhane Caddesi Konuk Apt, No:40 Daire:6, 34140 Bakırköy/İstanbul, Türkiye","Bakırköy","TR",,"0x14cabd07ba75bb7d:0xe1a065bc9e17f319","/g/11snghm9qk","40.9782184","28.8713824","Zeytinlik Mah. Fişekhane Caddesi Konuk Apt, No:40 Daire:6","+905537531172","0553 753 11 72","ChIJfbt1uge9yhQRGfMXnrxloOE","7pm","Saturday","10am","7pm","Friday","10am","7pm","Thursday","10am","7pm","Wednesday","10am","7pm","Tuesday","10am","7pm","Monday","10am",,"Sunday",,"7pm","Saturday","10am","34140","63","İstanbul","Zeytinlik Mah. Fişekhane Caddesi Konuk Apt, No:40 Daire:6","By Özlem Çelik Güzellik","4.7",
"Kirpiks Güzellik Bakırköy, Kartaltepe, İncirli Cd. No:112, 34145 Bakırköy/İstanbul, Türkiye","Bakırköy","TR",,"0x14cabb581b047b2b:0x42118dc2fd5433b3","/g/11f2gsg7kz","40.9964938","28.8701639","İncirli Cd. No:112","+905301142386","0530 114 23 86","ChIJK3sEG1i7yhQRszNU_cKNEUI","8pm","Saturday","10am","8pm","Friday","10am","8pm","Thursday","10am","8pm","Wednesday","10am","8pm","Tuesday","10am","8pm","Monday","10am",,"Sunday",,"8pm","Saturday","10am","34145","478","İstanbul","İncirli Cd. No:112","Kirpiks Güzellik Bakırköy","4.6",
"Tanning Shop Yeşilköy, Yeşilköy, Yeşilköy İstanbul Cd. No:80, 34149 Bakırköy/İstanbul, Türkiye","Bakırköy","TR",,"0x14caa2e018a3283f:0x1b80f7aeadf8b73f","/g/11fxdxp04g","40.95899","28.834962","Yeşilköy İstanbul Cd. No:80","+902126636999","(0212) 663 69 99","ChIJPyijGOCiyhQRP7f4ra73gBs","10pm","Saturday","10am","10pm","Friday","10am","10pm","Thursday","10am","10pm","Wednesday","10am","10pm","Tuesday","10am","10pm","Monday","10am","10pm","Sunday","10am","10pm","Saturday","10am","34149",,"İstanbul","Yeşilköy İstanbul Cd. No:80","Tanning Shop Yeşilköy",,
"PodiFree Podoloji & Güzellik Merkezi, Kartaltepe mah İncirli cad :46/6 Özek ap kat:2, 34145 Bakırköy/İstanbul, Türkiye","Bakırköy","TR",,"0x14cabb50d0861485:0xb1c780c2f7792ff5","/g/11dxmk4hmx","40.9870712","28.8725043","Kartaltepe mah İncirli cad :46/6 Özek ap kat:2","+905059809494","0505 980 94 94","ChIJhRSG0FC7yhQR9S9598KAx7E",,"Saturday","Eid al-Adha hours","8pm","Friday","10am","8pm","Thursday","10am","8pm","Wednesday","10am","8pm","Tuesday","10am","8pm","Monday","10am",,"Sunday",,,"Saturday","Eid al-Adha hours","34145","101","İstanbul","Kartaltepe mah İncirli cad :46/6 Özek ap kat:2","PodiFree Podoloji & Güzellik Merkezi","4.8",
"Geçen Beauty - Güzellik Salonu, No:52K Büyükyalı/ Fişekhane, Kazlıçeşme, Kennedy Cad. K Blok Kat:5/74, 34020 Zeytinburnu/İstanbul, Türkiye","Zeytinburnu","TR",,"0x14cabb07da596421:0x4cf02e64fc27be02","/g/11w7n93rnb","40.9843131","28.9057321","No:52K Büyükyalı/ Fişekhane, Kennedy Cad. K Blok Kat:5/74","+905431911324","0543 191 13 24","ChIJIWRZ2ge7yhQRAr4n_GQu8Ew","6pm","Saturday","10:30am","6pm","Friday","10:30am","6pm","Thursday","10:30am","6pm","Wednesday","10:30am","6pm","Tuesday","10:30am","6pm","Monday","10:30am",,"Sunday",,"6pm","Saturday","10:30am","34020","46","İstanbul","No:52K Büyükyalı/ Fişekhane, Kennedy Cad. K Blok Kat:5/74","Geçen Beauty - Güzellik Salonu","4.7",
"Waymn Güzellik Merkezi, Gökalp, 257. Sk. No:9 kat 3, 34020, 34025 Zeytinburnu/İstanbul, Türkiye","Zeytinburnu","TR",,"0x14cabba185e6cba1:0xf1f170ec8ecfe464","/g/11vyh4_0kj","40.9938382","28.9042588","257. Sk. No:9 kat 3, 34020","+905334856963","0533 485 69 63","ChIJocvmhaG7yhQRZOTPjuxw8fE","7pm","Saturday","10am","7pm","Friday","10am","7pm","Thursday","10am","7pm","Wednesday","10am","7pm","Tuesday","10am","7pm","Monday","10am","7pm","Sunday","10am","7pm","Saturday","10am","34025","47","İstanbul","257. Sk. No:9 kat 3, 34020","Waymn Güzellik Merkezi","4.7",
"Prosthetic Nail Art Nail Vegas, VEGAS NAİL ART, Kartaltepe, Mektupçu Sk. No:4, 34145 Bakırköy/İstanbul, Türkiye","Bakırköy","TR",,"0x14cabca6be5ad689:0x14c6ab924b9de83b","/g/11c1tjl7yh","40.9813242","28.8753344","VEGAS NAİL ART, Mektupçu Sk. No:4","+905323207739","0532 320 77 39","ChIJidZavqa8yhQRO-idS5KrxhQ","9pm","Saturday","9:30am","9pm","Friday","9:30am","9pm","Thursday","9:30am","9pm","Wednesday","9:30am","9pm","Tuesday","9:30am","9pm","Monday","9:30am",,"Sunday",,"9pm","Saturday","9:30am","34145","483","İstanbul","VEGAS NAİL ART, Mektupçu Sk. No:4","Prosthetic Nail Art Nail Vegas","4.9",
"Bir Demet Guzellik, İncirli Caddesi, Kartaltepe, Faik Köksal Sk. Başak Apt, 34145 Bakırköy/İstanbul, Türkiye","Bakırköy","TR",,"0x14cabb59d6d8d009:0x85bdd5ee90fe5ab5","/g/1tzt350x","40.9891914","28.8717249","İncirli Caddesi, Faik Köksal Sk. Başak Apt","+902125434020","(0212) 543 40 20","ChIJCdDY1lm7yhQRtVr-kO7VvYU","8pm","Saturday","9am","8pm","Friday","9am","8pm","Thursday","9am","8pm","Wednesday","9am","8pm","Tuesday","9am","8pm","Monday","9am","8pm","Sunday","9am","8pm","Saturday","9am","34145","44","İstanbul","İncirli Caddesi, Faik Köksal Sk. Başak Apt","Bir Demet Guzellik","4.8",
"MERLAY GÜZELLİK ZEYTİNBURNU, Yeşiltepe mahallesi 58. Bulvar caddesi G1 sokak no1 kat1 ofis4, 34025 Zeytinburnu/İstanbul, Türkiye","Zeytinburnu","TR",,"0x14cabbf6b1a0eb13:0xc84b675b2bc739f1","/g/11m_g6_z3k","40.9907326","28.9035881","Yeşiltepe mahallesi 58. Bulvar caddesi G1 sokak no1 kat1 ofis4","+905306622511","0530 662 25 11","ChIJE-ugsfa7yhQR8TnHK1tnS8g","7:30pm","Saturday","10:30am","7pm","Friday","10:30am","7pm","Thursday","10:30am","7pm","Wednesday","10:30am","7pm","Tuesday","10:30am","7pm","Monday","10:30am",,"Sunday",,"7:30pm","Saturday","10:30am","34025","25","İstanbul","Yeşiltepe mahallesi 58. Bulvar caddesi G1 sokak no1 kat1 ofis4","MERLAY GÜZELLİK ZEYTİNBURNU","4.4",
"Styling Hair Coiffeur, Yeşilköy, Keklik Sk., 34149 Bakırköy/İstanbul, Türkiye","Bakırköy","TR",,"0x14caa2fcf7329355:0xe11b1cc9ab8db6a3","/g/11c1tdll2c","40.9598239","28.8221654","Keklik Sk.",,,"ChIJVZMy9_yiyhQRo7aNq8kcG-E",,,,,,,,,,,,,,,,,,,,,,,,,"34149","6","İstanbul","Keklik Sk.","Styling Hair Coiffeur","2.3",
"BELEZZA Güzellik Salonu, Yayla, Adnan Kahveci Blv. no:58/5, 34180 Bahçelievler/İstanbul, Türkiye","Bahçelievler","TR",,"0x14cabbd4f3a24b05:0x24b0f46f4f50c0a4","/g/11v0mhgj0c","41.0014584","28.8622856","Adnan Kahveci Blv. no:58/5","+905011249921","0501 124 99 21","ChIJBUui89S7yhQRpMBQT2_0sCQ","7:30pm","Saturday","9am","7:30pm","Friday","9am","7:30pm","Thursday","9am","7:30pm","Wednesday","9am","7:30pm","Tuesday","9am",,"Monday",,"7:30pm","Sunday","9am","7:30pm","Saturday","9am","34180","30","İstanbul","Adnan Kahveci Blv. no:58/5","BELEZZA Güzellik Salonu","5",
"Derya Güzellik Salonu, Kartaltepe, Filiz Sok. No:12, 34145 Bakırköy/İstanbul, Türkiye","Bakırköy","TR",,"0x14cabca6cf68b7cd:0x1e3d201604e171d1","/g/11c5rv8y2v","40.9821935","28.8766175","Filiz Sok. No:12","+905356852800","0535 685 28 00","ChIJzbdoz6a8yhQR0XHhBBYgPR4","7pm","Saturday","9am","7pm","Friday","9am","7pm","Thursday","9am","7pm","Wednesday","9am","7pm","Tuesday","9am","7pm","Monday","9am",,"Sunday",,"7pm","Saturday","9am","34145","4","İstanbul","Filiz Sok. No:12","Derya Güzellik Salonu","4.8",
"BB GÜZELLİK MERKEZİ, BB Güzellik Merkezi, Bahçelievler, Ali Rıza Kuzucan Sk. 52/A, 34180 Bahçelievler/İstanbul, Türkiye","Bahçelievler","TR",,"0xafb423073fd9b42b:0xf5ada3cc5f303fcf","/g/11tc21vcjx","41.009411","28.8645157","BB Güzellik Merkezi, Ali Rıza Kuzucan Sk. 52/A","+905431670366","0543 167 03 66","ChIJK7TZPwcjtK8Rzz8wX8yjrfU","7pm","Saturday","9am","7pm","Friday","9am","7pm","Thursday","9am","7pm","Wednesday","9am","7pm","Tuesday","9am",,"Monday",,"7pm","Sunday","9am","7pm","Saturday","9am","34180","25","İstanbul","BB Güzellik Merkezi, Ali Rıza Kuzucan Sk. 52/A","BB GÜZELLİK MERKEZİ","4.8",
"AJAYYP güzellik salonu, Sakızağacı, İstanbul Cd. No:76, 34140 Bakırköy/İstanbul, Türkiye","Bakırköy","TR",,"0x14cabdd9407270e1:0xe7c762e53b6f4099","/g/11t4ftr433","40.9785678","28.880035","İstanbul Cd. No:76","+905308300898","0530 830 08 98","ChIJ4XByQNm9yhQRmUBvO-Vix-c","9pm","Saturday","9am","9pm","Friday","9am","9pm","Thursday","9am","9pm","Wednesday","9am","9pm","Tuesday","9am","9pm","Monday","9am","9pm","Sunday","9am","9pm","Saturday","9am","34140","2","İstanbul","İstanbul Cd. No:76","AJAYYP güzellik salonu","5",
"Meryem Mülayim Güzellik Salonu, Şirinevler, Mareşal Fevzi Çakmak Cd. Kemaliye Apt No:24 D:1, 34192 Bahçelievler/İstanbul, Türkiye","Bahçelievler","TR",,"0x14caa5a9b42461d7:0xd7b150421f0c4dc4","/g/11h3zg0lms","40.9943469","28.8452374","Mareşal Fevzi Çakmak Cd. Kemaliye Apt No:24 D:1","+905399367173","0539 936 71 73","ChIJ12EktKmlyhQRxE0MH0JQsdc","7pm","Saturday","9:30am","7pm","Friday","9:30am","7pm","Thursday","9:30am","7pm","Wednesday","9:30am","7pm","Tuesday","9:30am","7pm","Monday","9:30am","24 hours","Sunday","24 hours","7pm","Saturday","9:30am","34192","13","İstanbul","Mareşal Fevzi Çakmak Cd. Kemaliye Apt No:24 D:1","Meryem Mülayim Güzellik Salonu","4.2",
"Gül Özkan Güzellik Salonu, Zeytinlik mah. Ebuziya cad, Zeytinlik, Taşevler Sk. no 2, 34158 Bakırköy/İstanbul, Türkiye","Bakırköy","TR",,"0x14cabde4da491b7d:0x6e8827decdabfc9b","/g/11qydb7g1d","40.9774468","28.8745595","Zeytinlik mah. Ebuziya cad, Taşevler Sk. no 2","+902129694141","(0212) 969 41 41","ChIJfRtJ2uS9yhQRm_yrzd4niG4","7:30pm","Saturday","10am","7:30pm","Friday","10am","7:30pm","Thursday","10am","7:30pm","Wednesday","10am","7:30pm","Tuesday","10am","7:30pm","Monday","10am",,"Sunday",,"7:30pm","Saturday","10am","34158","4","İstanbul","Zeytinlik mah. Ebuziya cad, Taşevler Sk. no 2","Gül Özkan Güzellik Salonu","4",
"Erol kaya Saç Tasarım güzellik salonu, Kartaltepe Mah., Başarı Sokak. Neyran Apt, D:23/B2, 34145 Bakırköy/İstanbul, Türkiye","Bakırköy","TR",,"0x14cabb4527c37389:0x37bc679d6484c35b","/g/11c60dbytb","40.9926699","28.8734599","Kartaltepe Mah., Başarı Sokak. Neyran Apt, D:23/B2","+902125427558","(0212) 542 75 58","ChIJiXPDJ0W7yhQRW8OEZJ1nvDc",,"Saturday","Eid al-Adha hours","10pm","Friday","10am","8:30pm","Thursday","10am","10pm","Wednesday","10am","8pm","Tuesday","10am","10pm","Monday","10am",,"Sunday",,,"Saturday","Eid al-Adha hours","34145","356","İstanbul","Kartaltepe Mah., Başarı Sokak. Neyran Apt, D:23/B2","Erol kaya Saç Tasarım güzellik salonu","4.9",
"Suheyla Beauty Bay Bayan Güzellik Salonu, Bahçelievler, Naci Kasım Sok. 16/a, 34180 Bahçelievler/İstanbul, Türkiye","Bahçelievler","TR",,"0x14caa51d6aca1ac9:0x7707ce3c7f42690a","/g/11vsw7hwwy","40.9995176","28.8734276","Naci Kasım Sok. 16/a","+905364245249","0536 424 52 49","ChIJyRrKah2lyhQRCmlCfzzOB3c","9pm","Saturday","10am","8pm","Friday","10am","8pm","Thursday","10am","8pm","Wednesday","10am","8pm","Tuesday","10am","9pm","Monday","10am",,"Sunday",,"9pm","Saturday","10am","34180","15","İstanbul","Naci Kasım Sok. 16/a","Suheyla Beauty Bay Bayan Güzellik Salonu","5",
"Tidu Bakırköy Güzellik Salonu, Zeytinlik Mah Yakut Sok No:3 Kat:1 Bakırköy / İstanbul, 34140 Bakrköy/İstanbul, Türkiye","Bakrköy/Bakırköy","TR",,"0x14cabcaf89da8095:0x563ae5ba291487bc","/g/11d_9gf8_m","40.9788735","28.871299","Zeytinlik Mah Yakut Sok No:3 Kat:1 Bakırköy / İstanbul","+902125435579","(0212) 543 55 79","ChIJlYDaia-8yhQRvIcUKbrlOlY","7:30pm","Saturday","9am","7:30pm","Friday","9am","7:30pm","Thursday","9am","7:30pm","Wednesday","9am","7:30pm","Tuesday","9am","7:30pm","Monday","9am",,"Sunday",,"7:30pm","Saturday","9am","34140","8","İstanbul","Zeytinlik Mah Yakut Sok No:3 Kat:1 Bakırköy / İstanbul","Tidu Bakırköy Güzellik Salonu","2.5",
"Lounge Posh Güzellik Salonu, Siyavuşpaşa, Adnan Kahveci Blv. No:106, 34182 Bahçelievler/İstanbul, Türkiye","Bahçelievler","TR",,"0x14caa4a96b6cc55d:0xb867a21ef9310ca4","/g/11hzxjwtzd","40.9950968","28.8524056","Adnan Kahveci Blv. No:106",,,"ChIJXcVsa6mkyhQRpAwx-R6iZ7g",,,,,,,,,,,,,,,,,,,,,,,,,"34182","13","İstanbul","Adnan Kahveci Blv. No:106","Lounge Posh Güzellik Salonu","4.2",
"Vien Güzellik Salonu, Yenidoğan, 50/7 sk No: 11, 34010 Zeytinburnu/İstanbul, Türkiye","Zeytinburnu","TR",,"0x14cabb00390709e7:0xf79436590379ad7d","/g/11ln3kkshj","40.9893284","28.9039581","50/7 sk No: 11","+905377901002","0537 790 10 02","ChIJ5wkHOQC7yhQRfa15A1k2lPc","7:30pm","Saturday","9am","7:30pm","Friday","9am","7:30pm","Thursday","9am","7:30pm","Wednesday","9am","7:30pm","Tuesday","9am","7:30pm","Monday","9am",,"Sunday",,"7:30pm","Saturday","9am","34010","8","İstanbul","50/7 sk No: 11","Vien Güzellik Salonu","4",
"Leyla Tonya Yeşilköy, Çim Apartmanı, Yeşilköy, Nigar Hanım Sk. No:8 Daire:3, 34149 Bakırköy/İstanbul, Türkiye","Bakırköy","TR",,"0x14cabb0b3fd5218b:0x1f9293b85cdef94b","/g/11smdksrm2","40.9585663","28.8299472","Çim Apartmanı, Nigar Hanım Sk. No:8 Daire:3","+905529416074","0552 941 60 74","ChIJiyHVPwu7yhQRS_neXLiTkh8",,,,,,,,,,,,,,,,,,,,,,,,,"34149","18","İstanbul","Çim Apartmanı, Nigar Hanım Sk. No:8 Daire:3","Leyla Tonya Yeşilköy","4.3",
"Salon ŞENAY Güzellik salonu, 58 bulvar caddesi Özkan iş hanı No.38 kat.2 daire.3, 34025 Zeytinburnu/İstanbul, Türkiye","Zeytinburnu","TR",,"0x14cabbe4f958a4b5:0x5f570450116f9a5b","/g/11qh20sgch","40.9925904","28.9036532","58 bulvar caddesi Özkan iş hanı No.38 kat.2 daire.3","+905413498001","0541 349 80 01","ChIJtaRY-eS7yhQRW5pvEVAEV18","9pm","Saturday","9am","9pm","Friday","9am","9pm","Thursday","9am","9pm","Wednesday","9am","9pm","Tuesday","9am","9pm","Monday","9am","9pm","Sunday","10am","9pm","Saturday","9am","34025","11","İstanbul","58 bulvar caddesi Özkan iş hanı No.38 kat.2 daire.3","Salon ŞENAY Güzellik salonu","4.7",
"B&S GÜZELLİK SALONU, Kartaltepe, Ruşenbey Sok. NO:8, 34100 Bakırköy/İstanbul, Türkiye","Bakırköy","TR",,"0x14cabd221b360153:0xdfe5a2d63619ee48","/g/11f9dt8dw8","40.9835313","28.8764909","Ruşenbey Sok. NO:8","+902129766527","(0212) 976 65 27","ChIJUwE2GyK9yhQRSO4ZNtai5d8","7pm","Saturday","9am","7pm","Friday","9am","7pm","Thursday","9am","7pm","Wednesday","9am","7pm","Tuesday","9am","7pm","Monday","9am",,"Sunday",,"7pm","Saturday","9am","34100","2","İstanbul","Ruşenbey Sok. NO:8","B&S GÜZELLİK SALONU","5",
"Medi Güzellik Salonu, Fevzi çakmak mahallesi Umman sokak 18/ 1, Umman Sk. No:18, 34194 Bahçelievler/İstanbul, Türkiye","Bahçelievler","TR",,"0x14caa599805d00ff:0x4aea3fc5330ac41c","/g/11j4lqm3y5","41.0065872","28.8312638","Fevzi çakmak mahallesi Umman sokak 18/ 1, Umman Sk. No:18",,,"ChIJ_wBdgJmlyhQRHMQKM8U_6ko","8pm","Saturday","9am","8pm","Friday","9am","8pm","Thursday","9am","8pm","Wednesday","9am","8pm","Tuesday","9am",,"Monday",,"8pm","Sunday","9am","8pm","Saturday","9am","34194","27","İstanbul","Fevzi çakmak mahallesi Umman sokak 18/ 1, Umman Sk. No:18","Medi Güzellik Salonu","4.7",
"Aksis Premium Güzellik Salonu, Bahçelievler, Ferit Selimpaşa Cd No:11, 34180 Bahçelievler/İstanbul, Türkiye","Bahçelievler","TR",,"0x14cabbadc37c8a37:0xca06f285caeb2c2f","/g/11wvmqq37g","41.0021001","28.859991","Ferit Selimpaşa Cd No:11","+905056777704","0505 677 77 04","ChIJN4p8w627yhQRLyzryoXyBso","9pm","Saturday","9am","9pm","Friday","9am","9pm","Thursday","9am","9pm","Wednesday","9am","9pm","Tuesday","9am","9pm","Monday","9am","9pm","Sunday","9am","9pm","Saturday","9am","34180","311","İstanbul","Ferit Selimpaşa Cd No:11","Aksis Premium Güzellik Salonu","4.8",
"SELMA GÜZELLİK SALONU, Koca Mustafapaşa, Şırlağan Sk. 31b, 34098 Fatih/İstanbul, Türkiye","Fatih","TR",,"0x14cabb11bc92496b:0xf8175de37496d263","/g/11h3mwj79f","41.0024471","28.9312938","Şırlağan Sk. 31b","+905070704375","0507 070 43 75","ChIJa0mSvBG7yhQRY9KWdONdF_g","8pm","Saturday","10:30am","8pm","Friday","10:30am","8pm","Thursday","10:30am","8pm","Wednesday","10:30am","8pm","Tuesday","10:30am","8pm","Monday","10:30am",,"Sunday",,"8pm","Saturday","10:30am","34098","80","İstanbul","Şırlağan Sk. 31b","SELMA GÜZELLİK SALONU","5",
"Süsen Güzellik Salonu, Kartaltepe, İncirli Cd. No:76, 34145 Bakırköy/İstanbul, Türkiye","Bakırköy","TR",,"0x14cabb50bc33ac07:0x723c73a76f1b99ae","/g/1hc6mw02d","40.9905901","28.8709643","İncirli Cd. No:76","+902125426511","(0212) 542 65 11","ChIJB6wzvFC7yhQRrpkbb6dzPHI","8pm","Saturday","9am","8pm","Friday","9am","8pm","Thursday","9am","8pm","Wednesday","9am","8pm","Tuesday","9am","8pm","Monday","9am","8pm","Sunday","9am","8pm","Saturday","9am","34145","146","İstanbul","İncirli Cd. No:76","Süsen Güzellik Salonu","4.3",
"Semire Beauty Bakırköy, Eren İş Merkezi, Zeytinlik, Ebuziya Cd. No:10, 34140 Bakırköy/İstanbul, Türkiye","Bakırköy","TR",,"0x622f66dece42e6ff:0xde56e8c92fefe6f4","/g/11t43yn8ly","40.9782704","28.8743529","Eren İş Merkezi, Ebuziya Cd. No:10","+905538676247","0553 867 62 47","ChIJ_-ZCzt5mL2IR9ObvL8noVt4","7:30pm","Saturday","10am","7:30pm","Friday","10am","7:30pm","Thursday","10am",,"Wednesday",,"7:30pm","Tuesday","10am","7:30pm","Monday","10am","7:30pm","Sunday","10am","7:30pm","Saturday","10am","34140","39","İstanbul","Eren İş Merkezi, Ebuziya Cd. No:10","Semire Beauty Bakırköy","4.2",
"Haseki Estetik ve Güzellik Merkezi, Haseki Sultan, Dr. Adnan Adıvar Cd. Hazar apt No:12-4, 34093 Fatih/İstanbul, Türkiye","Fatih","TR",,"0x14cabbd38c2e4293:0xc81937ff8c861d92","/g/11vxjmy131","41.0086337","28.9455623","Dr. Adnan Adıvar Cd. Hazar apt No:12-4","+905053334093","0505 333 40 93","ChIJk0IujNO7yhQRkh2GjP83Gcg","8pm","Saturday","10am","8pm","Friday","10am","8pm","Thursday","10am","8pm","Wednesday","10am","8pm","Tuesday","10am","8pm","Monday","10am",,"Sunday",,"8pm","Saturday","10am","34093","101","İstanbul","Dr. Adnan Adıvar Cd. Hazar apt No:12-4","Haseki Estetik ve Güzellik Merkezi","4.6",
"Esline Güzellik Merkezi, Gönen Ofis, Abdurrahman Nafiz Gürman, Şair Ahmet Kutsi Tecer Cd. No:36 Kat:2 Daire:6, 34160 Güngören/İstanbul, Türkiye","Güngören","TR",,"0x14cabb081dd87a8b:0x6ccaaf317467b7e3","/g/11z3_flxs4","41.0070327","28.8882376","Gönen Ofis, Şair Ahmet Kutsi Tecer Cd. No:36 Kat:2 Daire:6","+905469440157","0546 944 01 57","ChIJi3rYHQi7yhQR47dndDGvymw",,,,,,,,,,,,,,,,,,,,,,,,,"34160","16","İstanbul","Gönen Ofis, Şair Ahmet Kutsi Tecer Cd. No:36 Kat:2 Daire:6","Esline Güzellik Merkezi","5",
"AİSE GÜZELLİK MERKEZİ, Nuripaşa, 58. Bulvar Cd. NO60, 34015 Zeytinburnu/İstanbul, Türkiye","Zeytinburnu","TR",,"0x14cabb504bf72387:0xa05dc03616855fcc","/g/11x364c1tc","40.9914502","28.903603","58. Bulvar Cd. NO60","+905448941260","0544 894 12 60","ChIJhyP3S1C7yhQRzF-FFjbAXaA","24 hours","Saturday","24 hours","24 hours","Friday","24 hours","24 hours","Thursday","24 hours","24 hours","Wednesday","24 hours","24 hours","Tuesday","24 hours","24 hours","Monday","24 hours","24 hours","Sunday","24 hours","24 hours","Saturday","24 hours","34015","2","İstanbul","58. Bulvar Cd. NO60","AİSE GÜZELLİK MERKEZİ","5",
"Demet Güzellik Salonu, Referans Bakırköy, Osmaniye, Ümraniye Sk. B Blok 4A No:27, 34146 Bakırköy/İstanbul, Türkiye","Bakırköy","TR",,"0x14cabb4f853700c1:0x54c38554ba80b3b1","/g/11vxpmjrd_","40.9906608","28.8819437","Referans Bakırköy, Ümraniye Sk. B Blok 4A No:27",,,"ChIJwQA3hU-7yhQRsbOAulSFw1Q","24 hours","Saturday","24 hours","24 hours","Friday","24 hours","24 hours","Thursday","24 hours","24 hours","Wednesday","24 hours","24 hours","Tuesday","24 hours","24 hours","Monday","24 hours","24 hours","Sunday","24 hours","24 hours","Saturday","24 hours","34146","24","İstanbul","Referans Bakırköy, Ümraniye Sk. B Blok 4A No:27","Demet Güzellik Salonu","5",
"Helin Güzellik Merkezi, Cevizlik, İstanbul Cd. No:26, 34142 Bakırköy/İstanbul, Türkiye","Bakırköy","TR",,"0x14cabca4635b52a7:0x483e3d3697008af8","/g/11dzw7vkv7","40.9784371","28.8762567","İstanbul Cd. No:26","+902125700190","(0212) 570 01 90","ChIJp1JbY6S8yhQR-IoAlzY9Pkg","8pm","Saturday","9:30am","8pm","Friday","9:30am","8pm","Thursday","9:30am","8pm","Wednesday","9:30am","8pm","Tuesday","9:30am","8pm","Monday","9:30am","8pm","Sunday","9:30am","8pm","Saturday","9:30am","34142","3","İstanbul","İstanbul Cd. No:26","Helin Güzellik Merkezi","5",
"Dr.Menije Beauty Center / Dr.Menije Estetik Merkezi, Galleria AVM, 34710 Bakırköy/İstanbul, Türkiye","Bakırköy","TR",,"0x14cabcb0c10fdcfb:0x826495428376a0e5","/g/1tf8434y","40.9745295","28.8703953","Galleria AVM","+902126610011","(0212) 661 00 11","ChIJ-9wPwbC8yhQR5aB2g0KVZII","10pm","Saturday","8:30am","10pm","Friday","8:30am","10pm","Thursday","8:30am","10pm","Wednesday","8:30am","10pm","Tuesday","8:30am","10pm","Monday","8:30am","10pm","Sunday","8:30am","10pm","Saturday","8:30am","34710","3","İstanbul","Galleria AVM","Dr.Menije Beauty Center / Dr.Menije Estetik Merkezi","4",
"Emel Urcan Güzellik salonu, Cerrahpaşa Kızılelma Cad. Tenik Apt. NO:94 K:2 D:3, 34098 Fatih/İstanbul, Türkiye","Fatih","TR",,"0x14cabb5ad573c7ff:0x250884015a6b472f","/g/11hxnfxzc3","41.0056639","28.9361161","Cerrahpaşa Kızılelma Cad. Tenik Apt. NO:94 K:2 D:3","+905309293051","0530 929 30 51","ChIJ_8dz1Vq7yhQRL0drWgGECCU","7:30pm","Saturday","9am","7:30pm","Friday","9am","7:30pm","Thursday","9am","7:30pm","Wednesday","9am","7:30pm","Tuesday","9am","7:30pm","Monday","9am","5pm","Sunday","11am","7:30pm","Saturday","9am","34098","38","İstanbul","Cerrahpaşa Kızılelma Cad. Tenik Apt. NO:94 K:2 D:3","Emel Urcan Güzellik salonu","4.4",
"Ala Doğal Bakım ve Güzellik, Nuripaşa, İsa Yusuf Alptekin Sk. No: 2/4, 34025 Zeytinburnu/İstanbul, Türkiye","Zeytinburnu","TR",,"0x14cabbf381aa0777:0xc725dd566210bc3c","/g/11j7ctj9cm","40.9871868","28.9040231","İsa Yusuf Alptekin Sk. No: 2/4","+902125100602","(0212) 510 06 02","ChIJdweqgfO7yhQRPLwQYlbdJcc","7pm","Saturday","9:30am","7pm","Friday","9:30am","7pm","Thursday","9:30am","7pm","Wednesday","9:30am","7pm","Tuesday","9:30am","7pm","Monday","9:30am","7pm","Sunday","9:30am","7pm","Saturday","9:30am","34025","60","İstanbul","İsa Yusuf Alptekin Sk. No: 2/4","Ala Doğal Bakım ve Güzellik","3.9",
"Elvin Güzellik Salonu, Gökalp, 58.Bulvar Caddesi, Köroğlu Plaza NO: 1, 34020 Zeytinburnu/İstanbul, Türkiye","Zeytinburnu","TR",,"0x14cabb750f7ed871:0xbbddd97222181f39","/g/11fnwg_8v1","40.9942601","28.9041148","Gökalp, 58.Bulvar Caddesi, Köroğlu Plaza NO: 1","+902125105041","(0212) 510 50 41","ChIJcdh-D3W7yhQROR8YInLZ3bs","7pm","Saturday","10am","7pm","Friday","10am","7pm","Thursday","10am","7pm","Wednesday","10am","7pm","Tuesday","10am",,"Monday",,"7pm","Sunday","10am","7pm","Saturday","10am","34020","27","İstanbul","Gökalp, 58.Bulvar Caddesi, Köroğlu Plaza NO: 1","Elvin Güzellik Salonu","4.3",
"Elze Güzellik, Yenimahalle, Reyhan Sok. no:40 / A No: 40 / A, 34140 Bakırköy/İstanbul, Türkiye","Bakırköy","TR",,"0x14cabd16936e46b9:0xd969a5f204b3232e","/g/11gy7v0msw","40.9793764","28.877507","Reyhan Sok. no:40 / A No: 40 / A","+905334070313","0533 407 03 13","ChIJuUZukxa9yhQRLiOzBPKladk","8pm","Saturday","10am","8pm","Friday","10am","8pm","Thursday","10am","8pm","Wednesday","10am","8pm","Tuesday","10am","8pm","Monday","10am","8pm","Sunday","11am","8pm","Saturday","10am","34140","16","İstanbul","Reyhan Sok. no:40 / A No: 40 / A","Elze Güzellik","3.4",
"Salon Diva, Zeytinlik, Halit Ziya Uşaklıgil Cd. Carousel Alışveriş Ve Yaşam Merkezi No:1 D:1/a, 34140 Bakırköy/İstanbul, Türkiye","Bakırköy","TR",,"0x14cabca510f60c55:0x9db3c33e2e77fe8a","/g/1w2j4mmd","40.9774798","28.8732073","Halit Ziya Uşaklıgil Cd. Carousel Alışveriş Ve Yaşam Merkezi No:1 D:1/a","+902126604391","(0212) 660 43 91","ChIJVQz2EKW8yhQRiv53Lj7Ds50","8:30pm","Saturday","10am","8:30pm","Friday","10am","8:30pm","Thursday","10am","8:30pm","Wednesday","10am","8:30pm","Tuesday","10am","8:30pm","Monday","10am","8:30pm","Sunday","10am","8:30pm","Saturday","10am","34140","75","İstanbul","Halit Ziya Uşaklıgil Cd. Carousel Alışveriş Ve Yaşam Merkezi No:1 D:1/a","Salon Diva","3.7",
"YAZGÜL GÜZELLİK SALONU, Şengüler Han, Cevizlik Mah. İstanbul Cad, Mektep Arkası Sk. D:2, 34140 Bakırköy/İstanbul, Türkiye","Bakırköy","TR",,"0x14cabd38d847467b:0x61126826c659ef51","/g/11ks0f4kky","40.9788206","28.8786618","Şengüler Han, Cevizlik Mah. İstanbul Cad, Mektep Arkası Sk. D:2","+905524215525","0552 421 55 25","ChIJe0ZH2Di9yhQRUe9ZxiZoEmE","9pm","Saturday","9am","9pm","Friday","9am","9pm","Thursday","9am","9pm","Wednesday","9am","9pm","Tuesday","9am","9pm","Monday","9am","6pm","Sunday","12","9pm","Saturday","9am","34140","1","İstanbul","Şengüler Han, Cevizlik Mah. İstanbul Cad, Mektep Arkası Sk. D:2","YAZGÜL GÜZELLİK SALONU","5",
"Dilek & Nesrin Güzellik Merkezi, Zeytinlik, Yakut Sk. No:42, 34140 Bakırköy/İstanbul, Türkiye","Bakırköy","TR",,"0x14cabcaf93b2c21b:0x67cdf4c4072fb90f","/g/11dyl_15jb","40.9788147","28.8703858","Yakut Sk. No:42","+902126604479","(0212) 660 44 79","ChIJG8Kyk6-8yhQRD7kvB8T0zWc","7:30pm","Saturday","9:30am","7:30pm","Friday","9:30am","7:30pm","Thursday","9:30am","7:30pm","Wednesday","9:30am","7:30pm","Tuesday","9:30am","7:30pm","Monday","9:30am",,"Sunday",,"7:30pm","Saturday","9:30am","34140","2","İstanbul","Yakut Sk. No:42","Dilek & Nesrin Güzellik Merkezi","5",
"AS GÜZELLİK MERKEZİ, Mareşal Fevzi çakmak caddesi, Gediz sokak. No. :2/A, 34188 Bahçelievler/İstanbul, Türkiye","Bahçelievler","TR",,"0x14caa36018d8969b:0x52c96055f8fed208","/g/11jcmbmm9r","40.9929011","28.845372","Mareşal Fevzi çakmak caddesi, Gediz sokak. No. :2/A","+905379710012","0537 971 00 12","ChIJm5bYGGCjyhQRCNL--FVgyVI","8pm","Saturday","9am","8pm","Friday","9am","8pm","Thursday","9am","8pm","Wednesday","9am","8pm","Tuesday","9am","8pm","Monday","9am",,"Sunday",,"8pm","Saturday","9am","34188","25","İstanbul","Mareşal Fevzi çakmak caddesi, Gediz sokak. No. :2/A","AS GÜZELLİK MERKEZİ","4.1",
"Melodi Güzellik Salonu, Zuhuratbaba, Akıncılar Sk. No:7, 34147, 34147 Bakırköy/İstanbul, Türkiye","Bakırköy","TR",,"0x14cabdf8eafbfd43:0xd86b40f02e24e1e1","/g/11hzlqx4lj","40.9844815","28.8711718","Akıncılar Sk. No:7, 34147","+905373882245","0537 388 22 45","ChIJQ_376vi9yhQR4eEkLvBAa9g","7pm","Saturday","9am","7pm","Friday","9am","7pm","Thursday","9am","7pm","Wednesday","9am","7pm","Tuesday","9am","7pm","Monday","9am",,"Sunday",,"7pm","Saturday","9am","34147","2","İstanbul","Akıncılar Sk. No:7, 34147","Melodi Güzellik Salonu","5",
"Fatma Özçalışkan Estetik ve Güzellik Salonu, Zuhuratbaba mahallesi incirli cad çağ sok 1 yıldız sitesi A Blok no:1, 34147 Bakırköy/İstanbul, Türkiye","Bakırköy","TR",,"0x14cabbf2d577bc31:0x1b7aaf8d53264021","/g/11j2p3w3pz","40.9956857","28.8696126","Zuhuratbaba mahallesi incirli cad çağ sok 1 yıldız sitesi A Blok no:1","+902125035900","(0212) 503 59 00","ChIJMbx31fK7yhQRIUAmU42vehs","7pm","Saturday","9:30am","7pm","Friday","9:30am","7pm","Thursday","9:30am","7pm","Wednesday","9:30am","7pm","Tuesday","9:30am","7:30pm","Monday","9:30am",,"Sunday",,"7pm","Saturday","9:30am","34147","97","İstanbul","Zuhuratbaba mahallesi incirli cad çağ sok 1 yıldız sitesi A Blok no:1","Fatma Özçalışkan Estetik ve Güzellik Salonu","4.1",
"Dilek Yılmaz Güzellik Merkezi, Soğanlı, Gökçe Sk., 34000 Bahçelievler/İstanbul, Türkiye","Bahçelievler","TR",,"0x14cabb0054c1817d:0x96745feb692192bb","/g/11vx1hwzbt","41.0126578","28.8625969","Gökçe Sk.","+905348102836","0534 810 28 36","ChIJfYHBVAC7yhQRu5IhaetfdJY","7pm","Saturday","8am","7pm","Friday","8am","7pm","Thursday","8am","7pm","Wednesday","8am","7pm","Tuesday","8am","7pm","Monday","8am",,"Sunday",,"7pm","Saturday","8am","34000","26","İstanbul","Gökçe Sk.","Dilek Yılmaz Güzellik Merkezi","4.8",
"AÇELYA DİOR GÜZELLİK SALONU, Yedikule, Hacı Evhaddin Cd. 43/A, 34107 Fatih/İstanbul, Türkiye","Fatih","TR",,"0x14cabbb97ed09273:0xbd75d9c9d406a3d5","/g/11g6mdnc88","40.997482","28.9240736","Hacı Evhaddin Cd. 43/A",,,"ChIJc5LQfrm7yhQR1aMG1MnZdb0","9pm","Saturday","10am","9pm","Friday","10am","9pm","Thursday","10am","9pm","Wednesday","10am","9pm","Tuesday","10am","9pm","Monday","10am",,"Sunday",,"9pm","Saturday","10am","34107","13","İstanbul","Hacı Evhaddin Cd. 43/A","AÇELYA DİOR GÜZELLİK SALONU","4.2",
"Petra Güzellik Merkezi Bakırköy, Yenimahalle, İstanbul Cd., 34142 Bakırköy/İstanbul, Türkiye","Bakırköy","TR",,"0x14cabd0fac7ed741:0xda1cbd773524da6c","/g/11vc2gjpst","40.9789884","28.8809631","İstanbul Cd.",,,"ChIJQdd-rA-9yhQRbNokNXe9HNo",,,,,,,,,,,,,,,,,,,,,,,,,,"1","İstanbul","İstanbul Cd.","Petra Güzellik Merkezi Bakırköy","5",
"Nureste Estetik & Güzellik Merkezi, Akşemsettin, Fevzipaşa Cd. No:27 K:4, 34080 Fatih/İstanbul, Türkiye","Fatih","TR",,"0x14cabb1049ee4053:0x1df5456dcc949da4","/g/11f5q9678l","41.0180239","28.948918","Fevzipaşa Cd. No:27 K:4","+902124172017","(0212) 417 20 17","ChIJU0DuSRC7yhQRpJ2UzG1F9R0","8pm","Saturday","10am","8pm","Friday","10am","8pm","Thursday","10am","8pm","Wednesday","10am","8pm","Tuesday","10am","8pm","Monday","10am",,"Sunday",,"8pm","Saturday","10am","34080","661","İstanbul","Fevzipaşa Cd. No:27 K:4","Nureste Estetik & Güzellik Merkezi","4.5",
"Figen Academy | Dragos Güzellik Merkezi, Yalı, Kennedy Cad. No:16, 34844 Maltepe/İstanbul, Türkiye","Maltepe","TR",,"0x14cabb22aa02853f:0xd8134bb1641f3b20","/g/11vzvnlmzy",,,"Kennedy Cad. No:16","+905302651223","0530 265 12 23","ChIJP4UCqiK7yhQRIDsfZLFLE9g","8pm","Saturday","9am","8pm","Friday","9am","8pm","Thursday","9am","8pm","Wednesday","9am","8pm","Tuesday","9am","8pm","Monday","9am","8pm","Sunday","1","8pm","Saturday","9am","34844","10","İstanbul","Kennedy Cad. No:16","Figen Academy | Dragos Güzellik Merkezi",,
"Mine's Güzellik Salonu, Loca Mahal Sitesi, Sümer, Şht. Er Davut Baş Sok., 34210 Zeytinburnu/İstanbul, Türkiye","Zeytinburnu","TR",,"0x14cabbaedbfd0bd7:0x492fed69f2bc7d7d","/g/11tp3bj5zx",,,"Loca Mahal Sitesi, Şht. Er Davut Baş Sok.",,,"ChIJ1wv92667yhQRfX288mntL0k","9pm","Saturday","9am","9pm","Friday","9am","9pm","Thursday","9am","9pm","Wednesday","9am","9pm","Tuesday","9am",,"Monday",,"9pm","Sunday","9am","9pm","Saturday","9am","34210","2","İstanbul","Loca Mahal Sitesi, Şht. Er Davut Baş Sok.","Mine's Güzellik Salonu",,
"Bakırköy Protez Tırnak Merkezi (şube 1), İşçen Apartman, Zeytinlik, İstanbul Cd. No:32, 34140 Bakırköy/İstanbul, Türkiye","Bakırköy","TR",,"0x14cabd07d9d6c0bd:0x11d2b9e7137d30cb","/g/11nsb7x3b3",,,"İşçen Apartman, İstanbul Cd. No:32","+905454883597","0545 488 35 97","ChIJvcDW2Qe9yhQRyzB9E-e50hE","8pm","Saturday","10am","8pm","Friday","10am","8pm","Thursday","10am","8pm","Wednesday","10am","8pm","Tuesday","10am","8pm","Monday","10am","5pm","Sunday","11am","8pm","Saturday","10am","34140","66","İstanbul","İşçen Apartman, İstanbul Cd. No:32","Bakırköy Protez Tırnak Merkezi (şube 1)",,
"Susi Güzellik Salonu, Bahçelievler, Mehtap Sk. Eserkent Sitesi no20 B 5/3, 34180 Bahçelievler/İstanbul, Türkiye","Bahçelievler","TR",,"0x795e3aef59181a7:0x2969c367752209e5","/g/11x32p24y3",,,"Mehtap Sk. Eserkent Sitesi no20 B 5/3","+905419025801","0541 902 58 01","ChIJp4GR9a7jlQcR5QkidWfDaSk","7pm","Saturday","10am","7pm","Friday","10am","7pm","Thursday","10am","7pm","Wednesday","10am","7pm","Tuesday","10am","7pm","Monday","10am",,"Sunday",,"7pm","Saturday","10am","34180","11","İstanbul","Mehtap Sk. Eserkent Sitesi no20 B 5/3","Susi Güzellik Salonu",,
"Catmosfer Güzellik Stüdyosu / Kadıköy Lazer Epilasyon / Kadıköy Hydrafacial Cilt Bakımı / Kadıköy Buz Lazer, Osmanağa, Süleymanpaşa Sk. Köprülü apt B Blok no:54 daire 24, 34714 Kadıköy/İstanbul, Türkiye","Kadıköy","TR",,"0x14cab86129488201:0x2727692c5c6e4189","/g/11gfdvky0n","40.9883134","29.031415","Süleymanpaşa Sk. Köprülü apt B Blok no:54 daire 24","+905320594088","0532 059 40 88","ChIJAYJIKWG4yhQRiUFuXCxpJyc","5pm","Saturday","9am","5pm","Saturday","9am",,,,,,,,,,,,,,,,,,,"34714",,"İstanbul","Süleymanpaşa Sk. Köprülü apt B Blok no:54 daire 24","Catmosfer Güzellik Stüdyosu / Kadıköy Lazer Epilasyon / Kadıköy Hydrafacial Cilt Bakımı / Kadıköy Buz Lazer",,
"Bir Nefes Istanbul Estetik & Guzellik, Osmanağa, Serasker Cad. Arın Apt. No:61, D:3 Bahariye, 34000 Kadıköy/İstanbul, Türkiye","Kadıköy","TR",,"0x14cab8663d5f1eff:0x91cc7ea704de8a87","/g/119x54195","40.98948","29.028","Osmanağa, Serasker Cad. Arın Apt. No:61, D:3 Bahariye","+905412780112","0541 278 01 12","ChIJ_x5fPWa4yhQRh4reBKd-zJE","9pm","Saturday","10am","9pm","Saturday","10am",,,,,,,,,,,,,,,,,,,"34000",,"İstanbul","Osmanağa, Serasker Cad. Arın Apt. No:61, D:3 Bahariye","Bir Nefes Istanbul Estetik & Guzellik",,
"Moda Güzellik Dünyası, Caferağa, Mühürdar Cd. No:107, 34710 Kadıköy/İstanbul, Türkiye","Kadıköy","TR",,"0x14cab85e3e172fe1:0xc2536f6f5f78169b","/g/1tjvtk5d","40.9858455","29.0216148","Mühürdar Cd. No:107","+905306679161","0530 667 91 61","ChIJ4S8XPl64yhQRmxZ4X29vU8I","8pm","Saturday","10am","8pm","Saturday","10am",,,,,,,,,,,,,,,,,,,"34710",,"İstanbul","Mühürdar Cd. No:107","Moda Güzellik Dünyası",,
"Tülay Çayan Bay & Bayan Kuaför & Güzellik Salonu, Haseki Sultan, Turgut Özal Millet Cd. No:59/15, 34096 Beyoğlu/İstanbul, Türkiye","Beyoğlu","TR",,"0x14cabbaff8dcba8d:0xaa43eebe7762cd13","/g/11kj3m86c5","41.011716","28.9395146","Turgut Özal Millet Cd. No:59/15","+905342392930","0534 239 29 30","ChIJjbrc-K-7yhQRE81id77uQ6o","11pm","Saturday","8am","11pm","Friday","8am","11pm","Thursday","8am","11pm","Wednesday","8am","11pm","Tuesday","8am","11pm","Monday","8am","11pm","Sunday","8am","11pm","Saturday","8am","34096","956","İstanbul","Turgut Özal Millet Cd. No:59/15","Tülay Çayan Bay & Bayan Kuaför & Güzellik Salonu","5",
"Mira Güzellik Merkezi Fatih, Akşemsettin, Fevzipaşa Cd. No:97 Kat:3, 34600 Fatih/İstanbul, Türkiye","Fatih","TR",,"0x14cabb4f808c898f:0x8a2f7c6347590c3e","/g/11sq51fkdt","41.020506","28.946413","Fevzipaşa Cd. No:97 Kat:3","+905320631222","0532 063 12 22","ChIJj4mMgE-7yhQRPgxZR2N8L4o","8pm","Saturday","10am","8pm","Friday","10am","8pm","Thursday","10am","8pm","Wednesday","10am","8pm","Tuesday","10am","8pm","Monday","10am",,"Sunday",,"8pm","Saturday","10am","34600","247","İstanbul","Fevzipaşa Cd. No:97 Kat:3","Mira Güzellik Merkezi Fatih","4.4",
"Sevim Alan Zeytinburnu, Loca mahal dükkanları, Sümer, Prof. Dr. Turan Güneş Cd. 136D No: 112, 34200 Zeytinburnu/İstanbul, Türkiye","Zeytinburnu","TR",,"0x14cabb7ed00231f1:0x8034c892e15be9b3","/g/11tn6r05ln","40.9907805","28.8942885","Loca mahal dükkanları, Prof. Dr. Turan Güneş Cd. 136D No: 112","+905528338744","0552 833 87 44","ChIJ8TEC0H67yhQRs-lb4ZLINIA","7:30pm","Saturday","9am","7:30pm","Friday","9am","7:30pm","Thursday","9am","7:30pm","Wednesday","9am","7:30pm","Tuesday","9am","7:30pm","Monday","9am",,"Sunday",,"7:30pm","Saturday","9am","34200","75","İstanbul","Loca mahal dükkanları, Prof. Dr. Turan Güneş Cd. 136D No: 112","Sevim Alan Zeytinburnu","4.4",
"Pelikan güzellik merkezi, Akşemsettin, Halıcılar Cd. No:83, 34080 Fatih/İstanbul, Türkiye","Fatih","TR",,"0x14cabb1a1dba720b:0x6223302517d39158","/g/11h3c9l67w","41.0162","28.9449245","Halıcılar Cd. No:83","+905324886467","0532 488 64 67","ChIJC3K6HRq7yhQRWJHTFyUwI2I","8pm","Saturday","9am","8pm","Friday","9:30am","8pm","Thursday","9:30am","8pm","Wednesday","9:30am","8pm","Tuesday","9:30am","8pm","Monday","9:30am",,"Sunday",,"8pm","Saturday","9am","34080","12","İstanbul","Halıcılar Cd. No:83","Pelikan güzellik merkezi","4.7",
"Bubble Beauty Center & Kuaför & Güzellik Merkezi, Dumlupınar Mah. Mandıra Cad, Fikirtepe, Çeşme Sk. No:24 Konutları 7 Nolu Dükkan, 34920 Kadıköy/İstanbul, Türkiye","Kadıköy","TR",,"0x14cac714c565b04f:0x903933842ef30bb","/g/11sbxr9smq","40.9922316","29.0609804","Dumlupınar Mah. Mandıra Cad, Çeşme Sk. No:24 Konutları 7 Nolu Dükkan","+905075360140","0507 536 01 40","ChIJT7BlxRTHyhQRuzDvQjiTAwk","8pm","Saturday","8:30am","8pm","Friday","8:30am","8pm","Thursday","8:30am","8pm","Wednesday","8:30am","8pm","Tuesday","8:30am","8pm","Monday","8:30am",,"Sunday",,"8pm","Saturday","8:30am","34920","80","İstanbul","Dumlupınar Mah. Mandıra Cad, Çeşme Sk. No:24 Konutları 7 Nolu Dükkan","Bubble Beauty Center & Kuaför & Güzellik Merkezi","4.7",
"Lounge Glory Bay Bayan Güzellik Salonu, Molla Gürani, Turgut Özal Millet Cd. 90E, 34093 Fatih/İstanbul, Türkiye","Fatih","TR",,"0x14caba30590297ff:0x5bbb0d4ec0ed871a","/g/11csqwghg0","41.013008","28.938493","Turgut Özal Millet Cd. 90E","+902125342333","(0212) 534 23 33","ChIJ_5cCWTC6yhQRGoftwE4Nu1s","8pm","Saturday","10am","8pm","Friday","10am","8pm","Thursday","10am","8pm","Wednesday","10am","8pm","Tuesday","10am","8pm","Monday","10am","8pm","Sunday","10am","8pm","Saturday","10am","34093","138","İstanbul","Turgut Özal Millet Cd. 90E","Lounge Glory Bay Bayan Güzellik Salonu","4.6",
"İnci Güzellik Salonu, Salacak, Dr. Sıtkı Özferendeci Sok. 67 C, 34403 Üsküdar/İstanbul, Türkiye","Üsküdar","TR",,"0x14cab9dbd6354cf1:0xf5f8e3a3fcbfbfa0","/g/11y7ws_vxf","41.0134879","29.0159373","Dr. Sıtkı Özferendeci Sok. 67 C","+905442525215","0544 252 52 15","ChIJ8Uw11tu5yhQRoL-__KPj-PU","8:30pm","Saturday","10am","8:30pm","Friday","10am","8:30pm","Thursday","10am","8:30pm","Wednesday","10am","7pm","Tuesday","10am","7pm","Monday","10am","7pm","Sunday","10am","8:30pm","Saturday","10am","34403","56","İstanbul","Dr. Sıtkı Özferendeci Sok. 67 C","İnci Güzellik Salonu","4.9",
"Diri Institut, Caferağa, Dr. Esat Işık Cd. No:43 / A, 34710 Kadıköy/İstanbul, Türkiye","Kadıköy","TR",,"0x14cab863d9ba0bc3:0x9458342540b980e1","/g/11dyzkjhwd","40.9838378","29.028101","Dr. Esat Işık Cd. No:43 / A","+902163497182","(0216) 349 71 82","ChIJwwu62WO4yhQR4YC5QCU0WJQ","7pm","Saturday","9am","7pm","Friday","9am","7pm","Thursday","9am","7pm","Wednesday","9am","7pm","Tuesday","9am","7pm","Monday","9am",,"Sunday",,"7pm","Saturday","9am","34710","23","İstanbul","Dr. Esat Işık Cd. No:43 / A","Diri Institut","4.6",
"Esteati Güzellik Salonu, Ahmediye Mah Dr Fahri Atabey Cad Konak İş Hanı No 30 Kat 3, 34674 Üsküdar/İstanbul, Türkiye","Üsküdar","TR",,"0x14cab78bd30e749f:0x99a4227b84e7f83c","/g/11c5t1t9pw","41.0208988","29.0171745","Ahmediye Mah Dr Fahri Atabey Cad Konak İş Hanı No 30 Kat 3","+902163235353","(0216) 323 53 53","ChIJn3QO04u3yhQRPPjnhHsipJk","7:30pm","Saturday","9am","7:30pm","Friday","9am","7:30pm","Thursday","9am","7:30pm","Wednesday","9am","7:30pm","Tuesday","9am","7:30pm","Monday","9am",,"Sunday",,"7:30pm","Saturday","9am","34674","58","İstanbul","Ahmediye Mah Dr Fahri Atabey Cad Konak İş Hanı No 30 Kat 3","Esteati Güzellik Salonu","5",
"Ecemed Fatih Güzellik Merkezi, Şehremini, Kızılelma Cd. No: 2/a, 34104 Fatih/İstanbul, Türkiye","Fatih","TR",,"0x14caba31ac575cc1:0x3c089a077fc841f4","/g/11h4y5_rkz","41.0120677","28.9387168","Kızılelma Cd. No: 2/a","+905444477765","0544 447 77 65","ChIJwVxXrDG6yhQR9EHIfweaCDw","7:30pm","Saturday","9:30am","7:30pm","Friday","9:30am","7:30pm","Thursday","9:30am","7:30pm","Wednesday","9:30am","7:30pm","Tuesday","9:30am","7:30pm","Monday","9:30am",,"Sunday",,"7:30pm","Saturday","9:30am","34104","34","İstanbul","Kızılelma Cd. No: 2/a","Ecemed Fatih Güzellik Merkezi","4.4",
"UMUT İMRAN GÜZELLİK MERKEZİ, Yedikule, Gençağa Sk. No 37, 34107 Fatih/İstanbul, Türkiye","Fatih","TR",,"0x14cabbdbc7390f11:0x30db26fe558e892d","/g/11j8hhr_ws","40.9945345","28.9277298","Gençağa Sk. No 37","+905300206922","0530 020 69 22","ChIJEQ85x9u7yhQRLYmOVf4m2zA","9pm","Saturday","10am","9pm","Friday","10am","9pm","Thursday","10am","9pm","Wednesday","10am","9pm","Tuesday","10am","9pm","Monday","10am","9pm","Sunday","10am","9pm","Saturday","10am","34107","10","İstanbul","Gençağa Sk. No 37","UMUT İMRAN GÜZELLİK MERKEZİ","4.9",
"Stil Kuaför ve Güzellik Salonu, İskenderpaşa, Çıngıraklı Bostan Sk. no: 36/2, 34080 Fatih/İstanbul, Türkiye","Fatih","TR",,"0x14cabb80fbc40615:0x3778122d04cda7bd","/g/11rgzmch_8","41.0116167","28.9521312","Çıngıraklı Bostan Sk. no: 36/2","+905327892445","0532 789 24 45","ChIJFQbE-4C7yhQRvafNBC0SeDc","8pm","Saturday","8am","8pm","Friday","8am","8pm","Thursday","8am","8pm","Wednesday","8am","8pm","Tuesday","8am","8pm","Monday","8am","8pm","Sunday","8am","8pm","Saturday","8am","34080","37","İstanbul","Çıngıraklı Bostan Sk. no: 36/2","Stil Kuaför ve Güzellik Salonu","4.5",
"Naz guzellik salonu & Kitap cafe, Acibadem mah. Umut sok. Sekman apt, D:3A, 34736 Kadıköy/İstanbul, Türkiye","Kadıköy","TR",,"0x14cab9a2d8c4e6eb:0x817787c83d2c0fa8","/g/11h5_y0nzk","40.9996568","29.0361672","Acibadem mah. Umut sok. Sekman apt, D:3A","+905324176513","0532 417 65 13","ChIJ6-bE2KK5yhQRqA8sPciHd4E","10pm","Saturday","9am","10pm","Friday","9am","10pm","Thursday","9am","10pm","Wednesday","9am","10pm","Tuesday","9am","10pm","Monday","9am","10pm","Sunday","9am","10pm","Saturday","9am","34736","12","İstanbul","Acibadem mah. Umut sok. Sekman apt, D:3A","Naz guzellik salonu & Kitap cafe","4.7",
"Güzellik Merkezi, Kazlıçeşme, Zübeyde Hanım Cd. no:3, 34015 Zeytinburnu/İstanbul, Türkiye","Zeytinburnu","TR",,"0x14caa3b6fbf6529b:0x780d13793c1ef1f9","/g/11y46y1ssy","40.9857034","28.9047135","Zübeyde Hanım Cd. no:3",,,"ChIJm1L2-7ajyhQR-fEePHkTDXg","10pm","Saturday","8am","10pm","Friday","8am","10pm","Thursday","8am","10pm","Wednesday","8am","10pm","Tuesday","8am","10pm","Monday","8am",,"Sunday",,"10pm","Saturday","8am","34015","21","İstanbul","Zübeyde Hanım Cd. no:3","Güzellik Merkezi","3.4",
"Roses Güzellik Salonu, Hasanpaşa, Fahrettin Kerim Gökay Cd No:5/4, 34722 Kadıköy/İstanbul, Türkiye","Kadıköy","TR",,"0x14cab9362319ddaf:0x4519ec43d7b9018d","/g/11fl_m24w8","40.9940147","29.0380611","Fahrettin Kerim Gökay Cd No:5/4","+905541660999","0554 166 09 99","ChIJr90ZIza5yhQRjQG510PsGUU","7:30pm","Saturday","9am","7:30pm","Friday","9am","7:30pm","Thursday","9am","7:30pm","Wednesday","9am","7:30pm","Tuesday","9am","7:30pm","Monday","9am",,"Sunday",,"7:30pm","Saturday","9am","34722","8","İstanbul","Fahrettin Kerim Gökay Cd No:5/4","Roses Güzellik Salonu","5",
"womanly beauty salon hairdressers, Osmaniye, Fabrikalar Cd. No:23, 34000 Bakırköy/İstanbul, Türkiye","Bakırköy","TR",,"0x14cabb5d19f54a61:0xd605184a4161266d","/g/1tdv2xbz","40.9919679","28.8807283","Fabrikalar Cd. No:23","+902125712624","(0212) 571 26 24","ChIJYUr1GV27yhQRbSZhQUoYBdY","9:30pm","Saturday","7:30am","9:30pm","Friday","7:30am","9:30pm","Thursday","7:30am","9:30pm","Wednesday","7:30am","9:30pm","Tuesday","7:30am","9:30pm","Monday","7:30am","9:30pm","Sunday","7:30am","9:30pm","Saturday","7:30am","34000","54","İstanbul","Fabrikalar Cd. No:23","womanly beauty salon hairdressers","4",
"Elmira Güzellik Salonu, Rasimpaşa, Tayyareci Sami Sk. No:11 D:2 No:11 D:2, 34714 Kadıköy/İstanbul, Türkiye","Kadıköy","TR",,"0x14cab9b5e1877fb7:0x9e4239b3f7dd4d21","/g/11tdchz97s","40.993341","29.0255413","Tayyareci Sami Sk. No:11 D:2 No:11 D:2","+905342020585","0534 202 05 85","ChIJt3-H4bW5yhQRIU3d97M5Qp4","11pm","Saturday","11am","11pm","Friday","11am","11pm","Thursday","11am","11pm","Wednesday","11am","11pm","Tuesday","11am","11pm","Monday","11am",,"Sunday",,"11pm","Saturday","11am","34714","3","İstanbul","Tayyareci Sami Sk. No:11 D:2 No:11 D:2","Elmira Güzellik Salonu","5",
"Sahra Güzellik Salonu, Mahallesi, Ali Kuşçu, Fatih Cd. 61/A, 34087 Fatih/İstanbul, Türkiye","Fatih","TR",,"0x14caba18c9daacb7:0xb45152950bb35c6d","/g/11dx8j6kp1","41.0227588","28.9464322","Mahallesi, Fatih Cd. 61/A","+905552900652","0555 290 06 52","ChIJt6zayRi6yhQRbVyzC5VSUbQ","7pm","Saturday","10am","7pm","Friday","10am","7pm","Thursday","10am","7pm","Wednesday","10am","7pm","Tuesday","10am","7pm","Monday","9am",,"Sunday",,"7pm","Saturday","10am","34087","20","İstanbul","Mahallesi, Fatih Cd. 61/A","Sahra Güzellik Salonu","4.7",
"Gamze Babur Kadıköy Güzellik ve Estetik Merkezi, Sadıkoğlu İş Merkezi, Eğitim, Ahsen Çk Sk No:14, 34722 Kadıköy/İstanbul, Türkiye","Kadıköy","TR",,"0x14cac73b4d6df8a3:0xd66595ad1ef7515d","/g/11h8bbkqz5","40.9935071","29.0414238","Sadıkoğlu İş Merkezi, Ahsen Çk Sk No:14","+905395558584","0539 555 85 84","ChIJo_htTTvHyhQRXVH3Hq2VZdY","7pm","Saturday","10am","7pm","Friday","10am","7pm","Thursday","10am","7pm","Wednesday","10am","7pm","Tuesday","10am","7pm","Monday","10am",,"Sunday",,"7pm","Saturday","10am","34722","6","İstanbul","Sadıkoğlu İş Merkezi, Ahsen Çk Sk No:14","Gamze Babur Kadıköy Güzellik ve Estetik Merkezi","5",
"Bohem Beauty Cadde, Caddebostan, Bağdat Cad. No:312, 34728 Kadıköy/İstanbul, Türkiye","Kadıköy","TR",,"0x14cac774dc6eec49:0x4d18f43309599e94","/g/11df0pc6yf","40.9667423","29.0680213","Bağdat Cad. No:312","+902163564020","(0216) 356 40 20","ChIJSexu3HTHyhQRlJ5ZCTP0GE0","7:30pm","Saturday","9:30am","7:30pm","Saturday","9:30am",,,,,,,,,,,,,,,,,,,"34728",,"İstanbul","Bağdat Cad. No:312","Bohem Beauty Cadde",,
"Güzellik Atölyem Cansu Yılmazer, caddebostan mahallesi bağdat caddesi no 327 erguvan apt, 34728 Kadıköy/İstanbul, Türkiye","Kadıköy","TR",,"0x14cac70b0d31f667:0x54fa569e690f4c77","/g/11gcm09d90","40.9654715","29.0720196","caddebostan mahallesi bağdat caddesi no 327 erguvan apt","+905336463035","0533 646 30 35","ChIJZ_YxDQvHyhQRd0wPaZ5W-lQ","6pm","Saturday","11am","6pm","Saturday","11am",,,,,,,,,,,,,,,,,,,"34728",,"İstanbul","caddebostan mahallesi bağdat caddesi no 327 erguvan apt","Güzellik Atölyem Cansu Yılmazer",,
"AYŞE ERKAYA Beauty Center, Caddebostan, Bağdat Cad. No:249, 34728 Kadıköy/İstanbul, Türkiye","Kadıköy","TR",,"0x14cac7763eb30195:0xca3f03b6d846b4db","/g/11dzdjzldx","40.9706538","29.0617663","Bağdat Cad. No:249","+902164112520","(0216) 411 25 20","ChIJlQGzPnbHyhQR27RG2LYDP8o","7:30pm","Saturday","9:30am","7:30pm","Saturday","9:30am",,,,,,,,,,,,,,,,,,,"34728",,"İstanbul","Bağdat Cad. No:249","AYŞE ERKAYA Beauty Center",,
"Opal Klinik - Medikal Estetik Kliniği, Fenerbahçe, Cavit Çıtak Sk. No: 10, 34734 Kadıköy/İstanbul, Türkiye","Kadıköy","TR",,"0x14cab963e4310021:0xf1310ebb7b2ada65","/g/11nwc8mhd8","40.9759272","29.0419737","Cavit Çıtak Sk. No: 10","+905421444247","0542 144 42 47","ChIJIQAx5GO5yhQRZdoqe7sOMfE","7pm","Saturday","10am","7pm","Friday","10am","7pm","Thursday","10am","7pm","Wednesday","10am","7pm","Tuesday","10am","7pm","Monday","10am",,"Sunday",,"7pm","Saturday","10am","34734","128","İstanbul","Cavit Çıtak Sk. No: 10","Opal Klinik - Medikal Estetik Kliniği","4.8",
"Ünest Güzellik, Caddebostan, Prof. Mustafa Reşit Belgesay Sk. No: 52, 34728 Kadıköy/İstanbul, Türkiye","Kadıköy","TR",,"0x14cac7516b728a19:0x7e003e1598f2f9e4","/g/11vxy6k9zq","40.9707657","29.0652267","Prof. Mustafa Reşit Belgesay Sk. No: 52","+905305499980","0530 549 99 80","ChIJGYpya1HHyhQR5PnymBU-AH4","9pm","Saturday","10am","9pm","Saturday","10am",,,,,,,,,,,,,,,,,,,"34728",,"İstanbul","Prof. Mustafa Reşit Belgesay Sk. No: 52","Ünest Güzellik",,
"AB Güzellik, Kazasker Şemsettin Günaltay Cad. 19 Mayıs Mah. Şahin Sok. No:1 Doğan Apt Kat: 1 Daire: 1, 34736 Kadıköy/İstanbul, Türkiye","Kadıköy","TR",,"0x14cac7964f9f8f3d:0x6bcb273bdfb2ce76","/g/11c5s9rb00","40.9717683","29.0837758","Kazasker Şemsettin Günaltay Cad. 19 Mayıs Mah. Şahin Sok. No:1 Doğan Apt Kat: 1 Daire: 1","+905303075926","0530 307 59 26","ChIJPY-fT5bHyhQRds6y3zsny2s","7pm","Saturday","9am","7pm","Friday","9am","7pm","Thursday","9am","7pm","Wednesday","9am","7pm","Tuesday","9am","7pm","Monday","9am","7pm","Sunday","9am","7pm","Saturday","9am","34736","64","İstanbul","Kazasker Şemsettin Günaltay Cad. 19 Mayıs Mah. Şahin Sok. No:1 Doğan Apt Kat: 1 Daire: 1","AB Güzellik","4.8",
"Beautyplus Güzellik, Moğulkoç İş merkezi, Sahrayı Cedit, Güzide Sok. No: 9/6, 34734 Kadıköy/İstanbul, Türkiye","Kadıköy","TR",,"0x14cac7cbc7e42243:0x3dec9eb7619b500c","/g/11cs3970c4","40.9848861","29.0894432","Moğulkoç İş merkezi, Güzide Sok. No: 9/6","+905321727054","0532 172 70 54","ChIJQyLkx8vHyhQRDFCbYbee7D0","7pm","Saturday","10am","7pm","Friday","10am","7pm","Thursday","10am","7pm","Wednesday","10am","7pm","Tuesday","10am","7pm","Monday","10am","7pm","Sunday","10am","7pm","Saturday","10am","34734","222","İstanbul","Moğulkoç İş merkezi, Güzide Sok. No: 9/6","Beautyplus Güzellik","4.6",
"Gözde Gündüz FitSlim & Aesthetic, Caddebostan, Ethemefendi Cad. Kısmet Apt No:5 K:2 D:4, 34740 Kadıköy/İstanbul, Türkiye","Kadıköy","TR",,"0x14cac7f4aeb467cf:0x8c6204661f713d42","/g/11k0n5xrc1","40.9667417","29.0700984","Ethemefendi Cad. Kısmet Apt No:5 K:2 D:4","+905339452212","0533 945 22 12","ChIJz2e0rvTHyhQRQj1xH2YEYow",,"Saturday","Eid al-Adha hours","8pm","Friday","10am","8pm","Thursday","10am","8pm","Wednesday","9am","8pm","Tuesday","9am","8pm","Monday","9am",,"Sunday",,,"Saturday","Eid al-Adha hours","34740","72","İstanbul","Ethemefendi Cad. Kısmet Apt No:5 K:2 D:4","Gözde Gündüz FitSlim & Aesthetic","4.8",
"B & B Kuaför Güzellik Salonu, Erenköy Erenköy İstasyon Caddesi &, Erenler Sk. Uyum Apt D:29/3, 34738 Kadıköy/İstanbul, Türkiye","Kadıköy","TR",,"0x14cac7a53c7ef17d:0x383e8936f078cad","/g/11dxq5cgm0","40.9751335","29.078913","Erenköy Erenköy İstasyon Caddesi &, Erenler Sk. Uyum Apt D:29/3","+902164112942","(0216) 411 29 42","ChIJffF-PKXHyhQRrYwHb5PogwM",,,,,,,,,,,,,,,,,,,,,,,,,"34738","28","İstanbul","Erenköy Erenköy İstasyon Caddesi &, Erenler Sk. Uyum Apt D:29/3","B & B Kuaför Güzellik Salonu","4.8",
"Gülçin Deniz Güzellik Salonu, Sahrayı Cedit, İnönü Cd. Gul Apt. No:3 D:8, 34744 Kadıköy/İstanbul, Türkiye","Kadıköy","TR",,"0x14cac7ba2d65ae79:0x7aab190f4b4034a0","/g/11g7ydg1p9","40.9803205","29.0781152","İnönü Cd. Gul Apt. No:3 D:8","+905383123115","0538 312 31 15","ChIJea5lLbrHyhQRoDRASw8Zq3o","8pm","Saturday","10am","8pm","Friday","10am","8pm","Thursday","10am","8pm","Wednesday","10am","8pm","Tuesday","10am","8pm","Monday","10am",,"Sunday",,"8pm","Saturday","10am","34744","7","İstanbul","İnönü Cd. Gul Apt. No:3 D:8","Gülçin Deniz Güzellik Salonu","4.4",
"PEKİN GÜZELLİK SALONU, Örnek, Yunus Emre Cd No:92, 34704 Ataşehir/İstanbul, Türkiye","Ataşehir","TR",,"0x14cac7d9a1ed81c5:0xc8302bc065da0682","/g/11gfbtwr82","41.0005754","29.0784663","Yunus Emre Cd No:92","+905304012096","0530 401 20 96","ChIJxYHtodnHyhQRggbaZcArMMg","7pm","Saturday","9:30am","8pm","Friday","9:30am","8pm","Thursday","9:30am","8pm","Wednesday","9:30am","8pm","Tuesday","9:30am","8pm","Monday","9:30am",,"Sunday",,"7pm","Saturday","9:30am","34704","30","İstanbul","Yunus Emre Cd No:92","PEKİN GÜZELLİK SALONU","4.7",
"Dermatolog Dr. Pınar Koç, Caddebostan, Bağdat Cad. No:280, 34728 Kadıköy/İstanbul, Türkiye","Kadıköy","TR",,"0x14cac72048216d59:0x80b9b67a7c50f61c","/g/11n__fkj7b","40.9689202","29.0640384","Bağdat Cad. No:280","+905305748520","0530 574 85 20","ChIJWW0hSCDHyhQRHPZQfHq2uYA","7pm","Saturday","9am","7pm","Friday","9am","7pm","Thursday","9am","7pm","Wednesday","9am","7pm","Tuesday","9am","7pm","Monday","9am",,"Sunday",,"7pm","Saturday","9am","34728","170","İstanbul","Bağdat Cad. No:280","Dermatolog Dr. Pınar Koç","4.7",
"New Aura Güzellik Salonu, Feneryolu, Kızıltoprak İstasyon Cd. No:12A, 34724 Kadıköy/İstanbul, Türkiye","Kadıköy","TR",,"0x14cab978af2bbe5f:0x13eeb9da79e57029","/g/11vlrp8359","40.9841853","29.044525","Kızıltoprak İstasyon Cd. No:12A","+905303202908","0530 320 29 08","ChIJX74rr3i5yhQRKXDledq57hM","8pm","Saturday","10am","8pm","Friday","10am","8pm","Thursday","10am","8pm","Wednesday","10am","8pm","Tuesday","10am","8pm","Monday","10am",,"Sunday",,"8pm","Saturday","10am","34724","4","İstanbul","Kızıltoprak İstasyon Cd. No:12A","New Aura Güzellik Salonu","5",
"Gaia Beauty Center, Caddebostan, Bağdat Cad. No:298, 34728 Kadıköy/İstanbul, Türkiye","Kadıköy","TR",,"0x14cac775adcb35a5:0xa10b4bb11a81083e","/g/11b72mv_p0","40.9677895","29.0659769","Bağdat Cad. No:298","+902163600888","(0216) 360 08 88","ChIJpTXLrXXHyhQRPgiBGrFLC6E","7pm","Saturday","9am","7pm","Friday","9am","7pm","Thursday","9am","7pm","Wednesday","9am","7pm","Tuesday","9am","7pm","Monday","9am",,"Sunday",,"7pm","Saturday","9am","34728","4","İstanbul","Bağdat Cad. No:298","Gaia Beauty Center","3.8",
"Betül Acar Güzellik Merkezi, Kat:2, Kozyatağı, Bayar Cd. No:107, 34742 Kadıköy, Türkiye","Kadıköy","TR",,"0x14cac64cd4ae3ced:0x6fa153a9d9ddc199","/g/1tcy_vzf","40.9707694","29.1004178","Kat:2, Bayar Cd. No:107","+902163733921","(0216) 373 39 21","ChIJ7Tyu1EzGyhQRmcHd2alToW8",,,,,,,,,,,,,,,,,,,,,,,,,"34742","10","İstanbul","Kat:2, Bayar Cd. No:107","Betül Acar Güzellik Merkezi","4.7",
"Es-Derm Guzellik Salonu, 19 Mayıs Mah. İnönü Cad Sönmez Apt. No:72, D:4, 34742 Kadıköy/İstanbul, Türkiye","Kadıköy","TR",,"0x14cac62e62995787:0x90d26cb29cfb9b5f","/g/1ptxcp657","40.9782782","29.0920912","19 Mayıs Mah. İnönü Cad Sönmez Apt. No:72, D:4","+902163026532","(0216) 302 65 32","ChIJh1eZYi7GyhQRX5v7nLJs0pA","5pm","Saturday","8:30am","7pm","Friday","8:30am","7pm","Thursday","8:30am","7pm","Wednesday","8:30am","7pm","Tuesday","8:30am","7pm","Monday","8:30am",,"Sunday",,"5pm","Saturday","8:30am","34742","33","İstanbul","19 Mayıs Mah. İnönü Cad Sönmez Apt. No:72, D:4","Es-Derm Guzellik Salonu","4.5",
"Alina Güzellik Salonu, teknik yapi, Barbaros, Mor Sumbul Sokagi Deluxia Palace No:5 kat.9 daire.253, 34634 Ataşehir/İstanbul, Türkiye","Ataşehir","TR",,"0x14cac7612f9d64df:0xca157a5121bc2ec7","/g/11lz8vd45t","40.994671","29.1000735","teknik yapi, Mor Sumbul Sokagi Deluxia Palace No:5 kat.9 daire.253","+905459330960","0545 933 09 60","ChIJ32SdL2HHyhQRxy68IVF6Fco","7pm","Saturday","9am","7pm","Friday","9am","7pm","Thursday","9am","7pm","Wednesday","9am","7pm","Tuesday","9am","7pm","Monday","9am","7pm","Sunday","9am","7pm","Saturday","9am","34634","29","İstanbul","teknik yapi, Mor Sumbul Sokagi Deluxia Palace No:5 kat.9 daire.253","Alina Güzellik Salonu","4.7",
"Kadıköy Salon Ay Saç Tasarım & Kaynak Merkezi, Feneryolu Mahallesi Gazi Muhtarpaşa Sokağı & Fahrettin Kerim Gökay Caddesi D:16/A Blok, 34724 Kadıköy/İstanbul, Türkiye","Kadıköy","TR",,"0x14cac785e415181d:0x7c6fe5b0f7134f71","/g/11c5z_mzx1","40.9825362","29.0522772","Feneryolu Mahallesi Gazi Muhtarpaşa Sokağı & Fahrettin Kerim Gökay Caddesi D:16/A Blok","+905448801415","0544 880 14 15","ChIJHRgV5IXHyhQRcU8T97Dlb3w","8pm","Saturday","9am","8pm","Friday","9am","8pm","Thursday","9am","8pm","Wednesday","9am","8pm","Tuesday","9am",,"Monday",,"8pm","Sunday","9am","8pm","Saturday","9am","34724","208","İstanbul","Feneryolu Mahallesi Gazi Muhtarpaşa Sokağı & Fahrettin Kerim Gökay Caddesi D:16/A Blok","Kadıköy Salon Ay Saç Tasarım & Kaynak Merkezi","4.5",
"My ClinicA - Kadıköy Güzellik Merkezi, Caferağa, Mürver Çiçeği Sk. No:31/b kat:1 d:3, 34710 Kadıköy/İstanbul, Türkiye","Kadıköy","TR",,"0x14cab997d1e166d9:0x94c7e360712f75d7","/g/11twkgfp9l","40.9914336","29.0295425","Mürver Çiçeği Sk. No:31/b kat:1 d:3","+905431004017","0543 100 40 17","ChIJ2Wbh0Ze5yhQR13UvcWDjx5Q","8pm","Saturday","9:30am","8pm","Friday","9:30am","8pm","Thursday","9:30am","8pm","Wednesday","9:30am","8pm","Tuesday","9:30am","8pm","Monday","9:30am",,"Sunday",,"8pm","Saturday","9:30am","34710","42","İstanbul","Mürver Çiçeği Sk. No:31/b kat:1 d:3","My ClinicA - Kadıköy Güzellik Merkezi","3.4",
"Şule Duyan Beauty Clinic - Hydrafacial / Medical Aesthetic / Laser Hair Removal, Akşemsettin, Fevzipaşa Cd. No:149 K:3, 34080 Fatih/İstanbul, Türkiye","Fatih","TR",,"0x14cabb490c00fc75:0x6b10a619b83a17d6","/g/11h7f_pyk0","41.0221084","28.9448262","Fevzipaşa Cd. No:149 K:3","+905421082608","0542 108 26 08","ChIJdfwADEm7yhQR1hc6uBmmEGs","8pm","Saturday","10am","8pm","Friday","10am","8pm","Thursday","10am","8pm","Wednesday","10am","8pm","Tuesday","10am","8pm","Monday","10am",,"Sunday",,"8pm","Saturday","10am","34080","616","İstanbul","Fevzipaşa Cd. No:149 K:3","Şule Duyan Beauty Clinic - Hydrafacial / Medical Aesthetic / Laser Hair Removal","4.9",
"Larende Güzellik Salonu, Hasanpaşa, Sarayardı Cd. 39 c, 34722 Kadıköy/İstanbul, Türkiye","Kadıköy","TR",,"0x14cab873157d4fd5:0x73ac7b11d1916fd3","/g/11dxdg6jxt","40.9954561","29.0381903","Sarayardı Cd. 39 c",,,"ChIJ1U99FXO4yhQR02-R0RF7rHM","8pm","Saturday","10am","8pm","Friday","10am","8pm","Thursday","10am","8pm","Wednesday","10am","8pm","Tuesday","10am","8pm","Monday","10am","9:30pm","Sunday","11am","8pm","Saturday","10am","34722","9","İstanbul","Sarayardı Cd. 39 c","Larende Güzellik Salonu","4.8",
"Time Beauty Cadde, Bostancı, Bağdat Cad. No: 532, 34744 Kadıköy/İstanbul, Türkiye","Kadıköy","TR",,"0x14cac7e105fabdbf:0x9357fd632cfd00f4","/g/11lzs6xzn1","40.953801","29.09408","Bağdat Cad. No: 532","+902164113235","(0216) 411 32 35","ChIJv736BeHHyhQR9AD9LGP9V5M","8:30pm","Saturday","9:30am","8:30pm","Saturday","9:30am",,,,,,,,,,,,,,,,,,,"34744",,"İstanbul","Bağdat Cad. No: 532","Time Beauty Cadde",,
"Euroderm, Bostancı, Bağdat Cad. No:468, 34744 Kadıköy/İstanbul, Türkiye","Kadıköy","TR",,"0x14cab867bd2e7f9b:0x85a24b9c05b92011","/g/1ptynnvss","40.9566708","29.087732","Bağdat Cad. No:468","+902164505900","(0216) 450 59 00","ChIJm38uvWe4yhQRESC5BZxLooU","10pm","Saturday","9am","10pm","Saturday","9am",,,,,,,,,,,,,,,,,,,"34744",,"İstanbul","Bağdat Cad. No:468","Euroderm",,
"Estefoot Suadiye Ayak ve El Bakımı, Suadiye, Bağdat Cad. No:454 Kat:3, 34744 Kadıköy/İstanbul, Türkiye","Kadıköy","TR",,"0x14cac57e95d5d0c7:0x9e57b9adec985e1a","/g/11nsw5_r_f","40.9574863","29.0861146","Bağdat Cad. No:454 Kat:3","+905433620818","0543 362 08 18","ChIJx9DVlX7FyhQRGl6Y7K25V54","7pm","Saturday","9:30am","7pm","Saturday","9:30am",,,,,,,,,,,,,,,,,,,"34744",,"İstanbul","Bağdat Cad. No:454 Kat:3","Estefoot Suadiye Ayak ve El Bakımı",,
"Şenel Aesthetic, Suadiye, Bağdat Cad. No:450, 34740 Kadıköy/İstanbul, Türkiye","Kadıköy","TR",,"0x14cac7045f08f50d:0x4aae581bec0cd01","/g/11b7kc6wnl","40.9578993","29.0851671","Bağdat Cad. No:450","+902164640001","(0216) 464 00 01","ChIJDfUIXwTHyhQRAc3AvoHlqgQ","7pm","Saturday","9am","7pm","Saturday","9am",,,,,,,,,,,,,,,,,,,"34740",,"İstanbul","Bağdat Cad. No:450","Şenel Aesthetic",,
"Forever Young Suadiye, Bostancı, Bağdat Cad. no:450/1, 34744 Kadıköy/İstanbul, Türkiye","Kadıköy","TR",,"0x14cac79998e3ba5f:0x1c4de7baca98ad84","/g/11sjcxmk_g","40.957869","29.085084","Bağdat Cad. no:450/1","+905303104023","0530 310 40 23","ChIJX7rjmJnHyhQRhK2YyrrnTRw","6pm","Saturday","10am","6pm","Saturday","10am",,,,,,,,,,,,,,,,,,,"34744",,"İstanbul","Bağdat Cad. no:450/1","Forever Young Suadiye",,
"Sibel Keçeli Nail & Beauty, Suadiye, Bağdat Cad. Cemile Apt No:401 A blok Kat: 2 Daire : 4, 34740 Kadıköy/İstanbul, Türkiye","Kadıköy","TR",,"0x14cac7ac45d2df1b:0xd211abc0ef07aefd","/g/11k7s77pjg","40.9612258","29.0790856","Bağdat Cad. Cemile Apt No:401 A blok Kat: 2 Daire : 4","+905303804046","0530 380 40 46","ChIJG9_SRazHyhQR_a4H78CrEdI","8pm","Saturday","10am","8pm","Saturday","10am",,,,,,,,,,,,,,,,,,,"34740",,"İstanbul","Bağdat Cad. Cemile Apt No:401 A blok Kat: 2 Daire : 4","Sibel Keçeli Nail & Beauty",,
"Salon Veysel, Suadiye Suadiye Park Centrum, Plaj Yolu Sk. No:18, 34740 Kadıköy, Türkiye","Kadıköy","TR",,"0x14cac71015a66f6d:0xa519a25378a419fa","/g/1wjw8_rg","40.9567503","29.0800688","Suadiye Suadiye Park Centrum, Plaj Yolu Sk. No:18","+902163806960","(0216) 380 69 60","ChIJbW-mFRDHyhQR-hmkeFOiGaU","8pm","Saturday","8:30am","8pm","Saturday","8:30am",,,,,,,,,,,,,,,,,,,"34740",,"İstanbul","Suadiye Suadiye Park Centrum, Plaj Yolu Sk. No:18","Salon Veysel",,
"Teddyglam nailbar, Bostancı, Kitapçı Mehmet Süleyman Sk. No:45, 34744 Kadıköy/İstanbul, Türkiye","Kadıköy","TR",,"0x14cac74c9c655665:0xd5c9893e1a189f4b","/g/11m5_k0vtp","40.9546077","29.0960196","Kitapçı Mehmet Süleyman Sk. No:45","+905431321109","0543 132 11 09","ChIJZVZlnEzHyhQRS58YGj6JydU","8:30pm","Saturday","10am","8:30pm","Saturday","10am",,,,,,,,,,,,,,,,,,,"34744",,"İstanbul","Kitapçı Mehmet Süleyman Sk. No:45","Teddyglam nailbar",,
"Zehra Kuafor, Kozyatağı, Kocayol Cd. No:14B, 34744 Kadıköy/İstanbul, Türkiye","Kadıköy","TR",,"0x14cac6ff9d852fbd:0xa38cf907f542e136","/g/1ptwt6_f2","40.961364","29.095454","Kocayol Cd. No:14B","+902163622206","(0216) 362 22 06","ChIJvS-Fnf_GyhQRNuFC9Qf5jKM","7:30pm","Saturday","9am","7:30pm","Saturday","9am",,,,,,,,,,,,,,,,,,,"34744",,"İstanbul","Kocayol Cd. No:14B","Zehra Kuafor",,
"Ebil Sac Tasarim, Suadiye, Kazım Özalp Sk. 60/1, 34740 Kadıköy/İstanbul, Türkiye","Kadıköy","TR",,"0x14cac70489f7cf8b:0xd667b6f577f7fffe","/g/1v4025ph","40.959177","29.072577","Kazım Özalp Sk. 60/1","+902163739353","(0216) 373 93 53","ChIJi8_3iQTHyhQR_v_3d_W2Z9Y","7pm","Saturday","9am","7pm","Saturday","9am",,,,,,,,,,,,,,,,,,,"34740",,"İstanbul","Kazım Özalp Sk. 60/1","Ebil Sac Tasarim",,
"Gümüş Kılıç Güzellik Salonu, Bostancı, Bostan Tariki Sk., 34744 Kadıköy/İstanbul, Türkiye","Kadıköy","TR",,"0x14cac7099cc1eb09:0xef25c2aea09c92aa","/g/11f6d7n22l","40.9557337","29.0979312","Bostan Tariki Sk.","+902164165064","(0216) 416 50 64","ChIJCevBnAnHyhQRqpKcoK7CJe8","7pm","Saturday","9am","7pm","Friday","9am","7pm","Thursday","9am","7pm","Wednesday","9am","7pm","Tuesday","9am","7pm","Monday","9am","6pm","Sunday","1","7pm","Saturday","9am","34744","4","İstanbul","Bostan Tariki Sk.","Gümüş Kılıç Güzellik Salonu","4.3",
"Aydın & Taner Bostancı Kuaför, Bostancı, Vukela Cd. No:27, 34744 Kadıköy/İstanbul, Türkiye","Kadıköy","TR",,"0x14cac77a2ffbc161:0xe1265592e6f7f7d","/g/11fwbld7d9","40.9578679","29.0948166","Vukela Cd. No:27","+905523628233","0552 362 82 33","ChIJYcH7L3rHyhQRfX9vLlllEg4","7:30pm","Saturday","9am","7:30pm","Friday","9am","7:30pm","Thursday","9am","7:30pm","Wednesday","9am",,"Tuesday",,"7:30pm","Monday","9am","7:30pm","Sunday","9am","7:30pm","Saturday","9am","34744","671","İstanbul","Vukela Cd. No:27","Aydın & Taner Bostancı Kuaför","4.7",
"Estehaircity, Bostancı Mah Kitapcı Mehmet Süleyman Sok Divan Plus, Ablok, 34744 Kadıköy/İstanbul, Türkiye","Kadıköy","TR",,"0x14cac70ea28dfcd5:0xfb2990642e4a9b17","/g/11g07738c3","40.9555272","29.0940075","Bostancı Mah Kitapcı Mehmet Süleyman Sok Divan Plus, Ablok","+905436219997","0543 621 99 97","ChIJ1fyNog7HyhQRF5tKLmSQKfs","24 hours","Saturday","24 hours","24 hours","Friday","24 hours","24 hours","Thursday","24 hours","24 hours","Wednesday","24 hours","24 hours","Tuesday","24 hours","24 hours","Monday","24 hours","24 hours","Sunday","24 hours","24 hours","Saturday","24 hours","34744","1","İstanbul","Bostancı Mah Kitapcı Mehmet Süleyman Sok Divan Plus, Ablok","Estehaircity","5",
"Bellatrix, Bostancı, Bağdat Cad. No:456, 34740 Kadıköy/İstanbul, Türkiye","Kadıköy","TR",,"0x14cac704866c99e7:0xb5d194c2942e6ebb","/g/1tfq1_0q","40.9573591","29.0862413","Bağdat Cad. No:456","+902166589293","(0216) 658 92 93","ChIJ55lshgTHyhQRu24ulMKU0bU","7:30pm","Saturday","9am","7:30pm","Friday","9am","7:30pm","Thursday","9am","7:30pm","Wednesday","9am","7:30pm","Tuesday","9am","7:30pm","Monday","9am",,"Sunday",,"7:30pm","Saturday","9am","34740","2","İstanbul","Bağdat Cad. No:456","Bellatrix","5",
"Kuafor Mehmet Ozturk, Bostancı, Levent Sk. köşem apt no25/A, 34744 Kadıköy/İstanbul, Türkiye","Kadıköy","TR",,"0x14cac70326e8d6fd:0x8c59fb304a549154","/g/1hc1ccsl7","40.9562235","29.0924794","Levent Sk. köşem apt no25/A","+902163723767","(0216) 372 37 67","ChIJ_dboJgPHyhQRVJFUSjD7WYw","8pm","Saturday","9am","8pm","Friday","9am","8pm","Thursday","9am","8pm","Wednesday","9am","8pm","Tuesday","9am","8pm","Monday","9am",,"Sunday",,"8pm","Saturday","9am","34744","5","İstanbul","Levent Sk. köşem apt no25/A","Kuafor Mehmet Ozturk","4",
"Mina Kuafor, Eminali Paşa Cad Levent Sok Paksa Apt:No 3.3/A, Bostancı, 34744 Kadıköy/İstanbul, Türkiye","Kadıköy","TR",,"0x14cac706d54ce46b:0x122dadde02520275","/g/1tcwbqcl","40.9584103","29.0942823","Eminali Paşa Cad Levent Sok Paksa Apt:No 3.3/A","+902163625323","(0216) 362 53 23","ChIJa-RM1QbHyhQRdQJSAt6tLRI","8pm","Saturday","8am","8pm","Friday","8am","8pm","Thursday","8am","8pm","Wednesday","8am","8pm","Tuesday","8am","8pm","Monday","8am",,"Sunday",,"8pm","Saturday","8am","34744","243","İstanbul","Eminali Paşa Cad Levent Sok Paksa Apt:No 3.3/A","Mina Kuafor","4.9",
"Lonay Güzellik & Kişisel Bakım, Altıntepe, Bağdat Cad. No:69, 34840 Maltepe/İstanbul, Türkiye","Maltepe","TR",,"0x14cac6ec8484bca1:0xad4828003617f9c3","/g/11bt_jtc0n","40.952375","29.101466","Bağdat Cad. No:69","+905352369955","0535 236 99 55","ChIJobyEhOzGyhQRw_kXNgAoSK0","7:30pm","Saturday","9:30am","7:30pm","Friday","9:30am","7:30pm","Thursday","9:30am","7:30pm","Wednesday","9:30am","7:30pm","Tuesday","9:30am","7:30pm","Monday","9:30am",,"Sunday",,"7:30pm","Saturday","9:30am","34840","10","İstanbul","Bağdat Cad. No:69","Lonay Güzellik & Kişisel Bakım","5",
"Trichotherapy Saç Sağlığı Merkezi, Suadiye, Bağdat Cad. No:449 Apt. Kat:2 D:6, 34740 Kadıköy/İstanbul, Türkiye","Kadıköy","TR",,"0x14cac7089de4c155:0x6b7f79e7a3511db","/g/11b69f9ksr","40.959261","29.083327","Bağdat Cad. No:449 Apt. Kat:2 D:6","+902163720315","(0216) 372 03 15","ChIJVcHknQjHyhQR2xE1ep73twY","4pm","Saturday","10am","7pm","Friday","10am","7pm","Thursday","10am","7pm","Wednesday","10am","7pm","Tuesday","10am","7pm","Monday","10am",,"Sunday",,"4pm","Saturday","10am","34740","21","İstanbul","Bağdat Cad. No:449 Apt. Kat:2 D:6","Trichotherapy Saç Sağlığı Merkezi","4",
"Tuğba Öz, bostancı mahalle cumhuriyet apartman, Bostancı, Mehmet Şevki Paşa Cd., 34744 Kadıköy/İstanbul, Türkiye","Kadıköy","TR",,"0x14cab9b486615603:0xfe01551e02d0403b","/g/11fl94rff7","40.9580562","29.1015093","bostancı mahalle cumhuriyet apartman, Mehmet Şevki Paşa Cd.","+905539143462","0553 914 34 62","ChIJA1ZhhrS5yhQRO0DQAh5VAf4","6pm","Saturday","9am","6pm","Friday","9am","6pm","Thursday","9am","6pm","Wednesday","9am","6pm","Tuesday","9am","6pm","Monday","9am",,"Sunday",,"6pm","Saturday","9am","34744","162","İstanbul","bostancı mahalle cumhuriyet apartman, Mehmet Şevki Paşa Cd.","Tuğba Öz","4.8",
"Nuri Özçelik Kuaför Salonu, Bostancı, Emin Ali Paşa Cd. Çınar Apt No:69/1, 34744 Kadıköy/İstanbul, Türkiye","Kadıköy","TR",,"0x14cac7080b36de4b:0x6d96af23c10beda8","/g/11dym8rq7c","40.9600432","29.092013","Emin Ali Paşa Cd. Çınar Apt No:69/1","+905359719419","0535 971 94 19","ChIJS942CwjHyhQRqO0LwSOvlm0","9pm","Saturday","8am","9pm","Friday","8am","9pm","Thursday","8am","9pm","Wednesday","8am","9pm","Tuesday","8am","9pm","Monday","8am","9pm","Sunday","10am","9pm","Saturday","8am","34744","68","İstanbul","Emin Ali Paşa Cd. Çınar Apt No:69/1","Nuri Özçelik Kuaför Salonu","4.9",
"Mavi Kozmetik, Bostancı, Bostancı Camii Sk No: 9, 34744 Kadıköy/İstanbul, Türkiye","Kadıköy","TR",,"0x14cac7029cd9c635:0xcb11ce71ff48b555","/g/11b6vclyys","40.9556524","29.0924184","Bostancı Camii Sk No: 9","+902164104455","(0216) 410 44 55","ChIJNcbZnALHyhQRVbVI_3HOEcs",,"Saturday","Eid al-Adha might affect these hours","6pm","Friday","9am","6pm","Thursday","9am","6pm","Wednesday","9am","6pm","Tuesday","9am","6pm","Monday","9am",,"Sunday",,,"Saturday","Eid al-Adha might affect these hours","34744","64","İstanbul","Bostancı Camii Sk No: 9","Mavi Kozmetik","3.7",
"Kuafor Yusuf Caglar, Kuaför Yusuf Çağlar, Bostancı, Bağdat Cad. No:464, 34744 Kadıköy/İstanbul, Türkiye","Kadıköy","TR",,"0x14cac70370e44b9f:0xdae011317acfa4c2","/g/1tsgz15z","40.956919","29.087275","Kuaför Yusuf Çağlar, Bağdat Cad. No:464","+902164168573","(0216) 416 85 73","ChIJn0vkcAPHyhQRwqTPejER4No","7pm","Saturday","9:30am","7pm","Friday","9:30am","7pm","Thursday","9:30am","7pm","Wednesday","9:30am","7pm","Tuesday","9:30am","7pm","Monday","9:30am",,"Sunday",,"7pm","Saturday","9:30am","34744","13","İstanbul","Kuaför Yusuf Çağlar, Bağdat Cad. No:464","Kuafor Yusuf Caglar","4.4",
"Burun Estetiği, Bagdat Cad, Bostancı, Çınarlı Sk. No:10/2, 34744 Kadıköy/İstanbul, Türkiye","Kadıköy","TR",,"0x14cac7e9b4b4e7d5:0xfc90c39f99bf33f8","/g/11sh73ldgt","40.9581365","29.0846447","Bagdat Cad, Çınarlı Sk. No:10/2","+905305153295","0530 515 32 95","ChIJ1ee0tOnHyhQR-DO_mZ_DkPw","6pm","Saturday","9am","6pm","Friday","9am","6pm","Thursday","9am","6pm","Wednesday","9am","6pm","Tuesday","9am","6pm","Monday","9am",,"Sunday",,"6pm","Saturday","9am","34744","17","İstanbul","Bagdat Cad, Çınarlı Sk. No:10/2","Burun Estetiği","5",
"Opr. Dr. Bahattin Celikoz, Bostancı, Selvili Sk. Sedir Apt No:1/A Kat 3. D:10, 34744 Kadıköy/İstanbul, Türkiye","Kadıköy","TR",,"0x14cab8041c4df823:0xdf5d7019982271e2","/g/1pty4_fvp","40.9584301","29.0838038","Selvili Sk. Sedir Apt No:1/A Kat 3. D:10","+905403698080","0540 369 80 80","ChIJI_hNHAS4yhQR4nEimBlwXd8","5:30pm","Saturday","9am","5:30pm","Friday","9am","5:30pm","Thursday","9am","5:30pm","Wednesday","9am","5:30pm","Tuesday","9am","5:30pm","Monday","9am",,"Sunday",,"5:30pm","Saturday","9am","34744","11","İstanbul","Selvili Sk. Sedir Apt No:1/A Kat 3. D:10","Opr. Dr. Bahattin Celikoz","4.3",
"Op. Dr. Mert OKUMUŞ, Bağdat cd, Çınarlı Sk. No: 10/ 7, 34744 Kadıköy/İstanbul, Türkiye","Kadıköy","TR",,"0x14cac7b936b94999:0x5ef6bbd0ce5347a8","/g/11xyl56mb_","40.9579813","29.0845976","Bağdat cd, Çınarlı Sk. No: 10/ 7","+905327815123","0532 781 51 23","ChIJmUm5NrnHyhQRqEdTztC79l4","5:30pm","Saturday","9am","5:30pm","Friday","9am","5:30pm","Thursday","9am","5:30pm","Wednesday","9am","5:30pm","Tuesday","9am","5:30pm","Monday","9am",,"Sunday",,"5:30pm","Saturday","9am","34744","101","İstanbul","Bağdat cd, Çınarlı Sk. No: 10/ 7","Op. Dr. Mert OKUMUŞ","5",
"Murat Çolak, Bostancı, Bağdat Cad., 34744 Kadıköy/İstanbul, Türkiye","Kadıköy","TR",,"0x14cac703a655ae07:0x70e52ec47d9e862e","/g/11qbdqtb71","40.954019","29.093569","Bağdat Cad.","+905325532004","0532 553 20 04","ChIJB65VpgPHyhQRLoaefcQu5XA","7:30pm","Saturday","9am","7:30pm","Friday","9am","7:30pm","Thursday","9am","7:30pm","Wednesday","9am","7:30pm","Tuesday","9am","7:30pm","Monday","9am",,"Sunday",,"7:30pm","Saturday","9am",,,"İstanbul","Bağdat Cad.","Murat Çolak",,
"Aytuğ Tattoo Caddebostan | Tattoo & Piercing, Bostancı, Bağdat Cad. 500/a, 34728 Kadıköy/İstanbul, Türkiye","Kadıköy","TR",,"0x14cac72e1382b443:0xd0202bb5b1373984","/g/11ks0fw48j","40.9552681","29.0906337","Bağdat Cad. 500/a","+905058765398","0505 876 53 98","ChIJQ7SCEy7HyhQRhDk3sbUrINA","11pm","Saturday","11am","11pm","Friday","11am","11pm","Thursday","11am","11pm","Wednesday","11am","11pm","Tuesday","11am","11pm","Monday","11am","11pm","Sunday","11am","11pm","Saturday","11am","34728","415","İstanbul","Bağdat Cad. 500/a","Aytuğ Tattoo Caddebostan | Tattoo & Piercing","4.9",
"Ali Gür Bostancı, Altıntepe, Bağdat Cad. no: 28, 34840 Maltepe/İstanbul, Türkiye","Maltepe","TR",,"0x14cac77df4e94a11:0x7636df06b3d4f404","/g/11s2pwrl1b","40.9522498","29.0990932","Bağdat Cad. no: 28","+905340863555","0534 086 35 55","ChIJEUrp9H3HyhQRBPTUswbfNnY","8pm","Saturday","9am","8pm","Friday","9am","8pm","Thursday","9am","8pm","Wednesday","9am","8pm","Tuesday","9am",,"Monday",,"7pm","Sunday","10am","8pm","Saturday","9am","34840","213","İstanbul","Bağdat Cad. no: 28","Ali Gür Bostancı","4.4",
"Gent’s Istanbul, Suadiye Mah. Kazım Ozalp Sk Alp Yalman Plaza B Blok No.60/1, D:2, 34740 Kadıköy/İstanbul, Türkiye","Kadıköy","TR",,"0x14cac71278835dc3:0xe0f5622b31c2acd2","/g/11f40pz3y6","40.9591572","29.072685","Suadiye Mah. Kazım Ozalp Sk Alp Yalman Plaza B Blok No.60/1, D:2","+902163580883","(0216) 358 08 83","ChIJw12DeBLHyhQR0qzCMSti9eA",,"Saturday","Eid al-Adha hours","8pm","Friday","10am","8pm","Thursday","10am","8pm","Wednesday","10am","8pm","Tuesday","10am","8pm","Monday","10am",,"Sunday",,,"Saturday","Eid al-Adha hours","34740","292","İstanbul","Suadiye Mah. Kazım Ozalp Sk Alp Yalman Plaza B Blok No.60/1, D:2","Gent’s Istanbul","4.7",
"Forlife - Bitkisel Bakım Yağları, Sahrayı Cedit, Küçük Yol Sk. No: 15, 34744 Kadıköy/İstanbul, Türkiye","Kadıköy","TR",,"0x14cac6fcf88251d3:0xf2da69fa4f7a3eab","/g/11hzmsxvyh","40.9551545","29.0958251","Küçük Yol Sk. No: 15","+902163622697","(0216) 362 26 97","ChIJ01GC-PzGyhQRqz56T_pp2vI",,,,,,,,,,,,,,,,,,,,,,,,,"34744",,"İstanbul","Küçük Yol Sk. No: 15","Forlife - Bitkisel Bakım Yağları",,
"Yüksel Güzellik Salonu, Erenköy, Şemsettin Günaltay Cd. NO:31, 34744 Kadıköy/İstanbul, Türkiye","Kadıköy","TR",,"0x14cac6ffd0cf318b:0xfb6fdddfc58b2123","/g/11q2ykhk23","40.9610552","29.0929365","Şemsettin Günaltay Cd. NO:31",,,"ChIJizHP0P_GyhQRIyGLxd_db_s",,,,,,,,,,,,,,,,,,,,,,,,,"34744",,"İstanbul","Şemsettin Günaltay Cd. NO:31","Yüksel Güzellik Salonu",,
"Isik Erkek Kuaforu, Bostancı, Köyyolu Sok. Köyyolu Apt. 3/A, 34744 Kadıköy/İstanbul, Türkiye","Kadıköy","TR",,"0x14cac6fd35dd247b:0xe459d8f37845e8ed","/g/11g_737fm","40.9534786","29.0942688","Köyyolu Sok. Köyyolu Apt. 3/A","+905324959187","0532 495 91 87","ChIJeyTdNf3GyhQR7ehFePPYWeQ",,,,,,,,,,,,,,,,,,,,,,,,,"34744","14","İstanbul","Köyyolu Sok. Köyyolu Apt. 3/A","Isik Erkek Kuaforu","4.6",
"Mina Güzellik Salonu, Kozyatağı, Şemsettin Günaltay Cd. No:60, 34742 Kadıköy/İstanbul, Türkiye","Kadıköy","TR",,"0x14cac6ffde78c58b:0x855d5111ecb6f03b","/g/11csrfqvgj","40.962718","29.0913086","Şemsettin Günaltay Cd. No:60","+902163807317","(0216) 380 73 17","ChIJi8V43v_GyhQRO_C27BFRXYU",,,,,,,,,,,,,,,,,,,,,,,,,"34742","5","İstanbul","Şemsettin Günaltay Cd. No:60","Mina Güzellik Salonu","3.4",
"AESTHETICS WORLD CLINIC, Bostancı, Çınarlı Sk. No:10, 34744 Kadıköy/İstanbul, Türkiye","Kadıköy","TR",,"0x14cac704f745ba69:0x65d3c243e5451cfb","/g/11s7s7cb8v","40.9579813","29.0845976","Çınarlı Sk. No:10",,,"ChIJabpF9wTHyhQR-xxF5UPC02U","5pm","Saturday","9am","5pm","Friday","9am","5pm","Thursday","9am","5pm","Wednesday","9am","5pm","Tuesday","9am","5pm","Monday","9am",,"Sunday",,"5pm","Saturday","9am","34744",,"İstanbul","Çınarlı Sk. No:10","AESTHETICS WORLD CLINIC",,
"Özlem Güzellik Salonu, Kozyatağı, Avşar Sokağı No:15, 34742 Kadıköy/İstanbul, Türkiye","Kadıköy","TR",,"0x14cac7aab8cd4847:0x7a4a5e3c571c73d2","/g/11g6lxllgw","40.9645304","29.0914711","Avşar Sokağı No:15",,,"ChIJR0jNuKrHyhQR0nMcVzxeSno",,,,,,,,,,,,,,,,,,,,,,,,,"34742","1","İstanbul","Avşar Sokağı No:15","Özlem Güzellik Salonu","5",
"Op. Dr. Ilhan Serdaroglu, Suadiye Bağdat Cad. Ali Bor Apt. No:433, D:2, 34740 Kadıköy/İstanbul, Türkiye","Kadıköy","TR",,"0x14cac70f6191cdf7:0x8a141c464b8cb9e4","/g/1tfy4qtw","40.9599869","29.0818024","Suadiye Bağdat Cad. Ali Bor Apt. No:433, D:2","+902164450045","(0216) 445 00 45","ChIJ982RYQ_HyhQR5LmMS0YcFIo","9pm","Saturday","7:30am","9pm","Friday","7:30am","9pm","Thursday","7:30am","9pm","Wednesday","7:30am","9pm","Tuesday","7:30am","9pm","Monday","7:30am",,"Sunday",,"9pm","Saturday","7:30am","34740","229","İstanbul","Suadiye Bağdat Cad. Ali Bor Apt. No:433, D:2","Op. Dr. Ilhan Serdaroglu","4.8",
"Op.Dr.Ahmet Kürşat Yiğit, Bostancı mahallesi Bağdat Cd Çınarlı sk Karabekir Apt 10/3 Kadıköy, 34000 Kadıköy/İstanbul, Türkiye","Kadıköy","TR",,"0x14cac794af9f62fd:0xa3b520f4607fb021","/g/11q985bdcr","40.9579695","29.0849409","Bostancı mahallesi Bağdat Cd Çınarlı sk Karabekir Apt 10/3 Kadıköy","+905305291130","0530 529 11 30","ChIJ_WKfr5THyhQRIbB_YPQgtaM","6:30pm","Saturday","10am","6:30pm","Friday","10am","6:30pm","Thursday","10am","6:30pm","Wednesday","10am","6:30pm","Tuesday","10am","6:30pm","Monday","10am",,"Sunday",,"6:30pm","Saturday","10am","34000","5","İstanbul","Bostancı mahallesi Bağdat Cd Çınarlı sk Karabekir Apt 10/3 Kadıköy","Op.Dr.Ahmet Kürşat Yiğit","5",
"Gonca güzellik salonu, Bayar caddesi, Sıtma Pınar Sk. No:15, 34710 Kadıköy/İstanbul, Türkiye","Kadıköy","TR",,"0x14cac651934dab6b:0xfef471e65beb6de8","/g/11cs391c_d","40.9692096","29.0993867","Bayar caddesi, Sıtma Pınar Sk. No:15","+905378182267","0537 818 22 67","ChIJa6tNk1HGyhQR6G3rW-Zx9P4","8pm","Saturday","9am","8pm","Friday","9am","8pm","Thursday","9am","8pm","Wednesday","9am","8pm","Tuesday","9am","8pm","Monday","9am",,"Sunday",,"8pm","Saturday","9am","34710","5","İstanbul","Bayar caddesi, Sıtma Pınar Sk. No:15","Gonca güzellik salonu","5",
"Aydın erkek kuaförü, Eminalipaşa paşa cad, Bostancı, Levent Sk. 3B, 34744 İstanbul, Türkiye","Kadıköy","TR",,"0x14cac74db851078b:0x97db6d6848f5067a","/g/11sr6wzh72","40.958366","29.094355","Eminalipaşa paşa cad, Levent Sk. 3B","+905443828626","0544 382 86 26","ChIJiwdRuE3HyhQRegb1SGht25c","8:30pm","Saturday","9am","8:30pm","Friday","9am","8:30pm","Thursday","9am","8:30pm","Wednesday","9am","8:30pm","Tuesday","9am","8:30pm","Monday","9am",,"Sunday",,"8:30pm","Saturday","9am","34744","5","İstanbul","Eminalipaşa paşa cad, Levent Sk. 3B","Aydın erkek kuaförü","5",
"Handan Araz Güzellik Salonu, Kozyatağı, Şakacı Sk. No :17:19d, 34742 Kadıköy/İstanbul, Türkiye","Kadıköy","TR",,"0x14cac7c7d892c9c5:0x4b0173f7fa36df59","/g/11y58_8l2b","40.9692636","29.0936971","Şakacı Sk. No :17:19d","+905397023969","0539 702 39 69","ChIJxcmS2MfHyhQRWd82-vdzAUs","6pm","Saturday","10am","6pm","Friday","9am","6pm","Thursday","9am","6pm","Wednesday","9am","6pm","Tuesday","9am","6pm","Monday","9am","6pm","Sunday","1","6pm","Saturday","10am","34742","3","İstanbul","Şakacı Sk. No :17:19d","Handan Araz Güzellik Salonu","5",
"DG Güzellik Salonu, DG GÜZELLİK SALONU, İçerenköy, Kara Kartal Sok. EVREN SİTESİ 21/G A-BLOK, 34752 Ataşehir/İstanbul, Türkiye","Ataşehir","TR",,"0x14cac76012e533eb:0x346b28be5afaee64","/g/11rd4n2wz_","40.9668192","29.1060908","DG GÜZELLİK SALONU, Kara Kartal Sok. EVREN SİTESİ 21/G A-BLOK","+902165767202","(0216) 576 72 02","ChIJ6zPlEmDHyhQRZO76Wr4oazQ","9pm","Saturday","9am","9pm","Friday","9am","9pm","Thursday","9am","9pm","Wednesday","9am",,"Tuesday",,"9pm","Monday","9am","9pm","Sunday","9am","9pm","Saturday","9am","34752","2","İstanbul","DG GÜZELLİK SALONU, Kara Kartal Sok. EVREN SİTESİ 21/G A-BLOK","DG Güzellik Salonu","5",
"Daisy Güzellik Merkezi, Sahrayı Cedit, Bağdat Cad. No:369, 34740 Kadıköy/İstanbul, Türkiye","Kadıköy","TR",,"0x14cac7094c726d23:0x1747f9c43e7b63c0","/g/11j8lzwsv3","40.9630808","29.0761324","Bağdat Cad. No:369",,,"ChIJI21yTAnHyhQRwGN7PsT5Rxc",,,,,,,,,,,,,,,,,,,,,,,,,"34740",,"İstanbul","Bağdat Cad. No:369","Daisy Güzellik Merkezi",,
"Serap Karacan Güzellik Merkezi, Küçükbakkalköy, Elvan Sk. No:5, 34750 Ataşehir/İstanbul, Türkiye","Ataşehir","TR",,"0x14cac79d40b94895:0x63087f5f81a3787c","/g/11hdh17672","40.9800193","29.1042947","Elvan Sk. No:5","+905550853414","0555 085 34 14","ChIJlUi5QJ3HyhQRfHijgV9_CGM","5pm","Saturday","9am","5pm","Friday","9am","5pm","Thursday","9am","5pm","Wednesday","9am","5pm","Tuesday","9am","5pm","Monday","9am","5pm","Sunday","9am","5pm","Saturday","9am","34750","10","İstanbul","Elvan Sk. No:5","Serap Karacan Güzellik Merkezi","4.6",
"Şans Kuaför Güzellik Salonu, Kozyatağı, Lüle Sk. No:1/B, 34742 Kadıköy/İstanbul, Türkiye","Kadıköy","TR",,"0x14cac7ac73ef615d:0x16daf957cbcdcda3","/g/11wbh50wts","40.967592","29.0890531","Lüle Sk. No:1/B","+905331568430","0533 156 84 30","ChIJXWHvc6zHyhQRo83Ny1f52hY","8pm","Saturday","9am","8pm","Friday","9am","8pm","Thursday","9am","8pm","Wednesday","9am","8pm","Tuesday","9am","8pm","Monday","9am",,"Sunday",,"8pm","Saturday","9am","34742","5","İstanbul","Lüle Sk. No:1/B","Şans Kuaför Güzellik Salonu","5",
"Büşra Güzellik Salonu, Küçükyalı, Yüksek Sk. No:9, 34840 Maltepe/İstanbul, Türkiye","Maltepe","TR",,"0x14cac6f3a1e8d51b:0x60aa735aab10471","/g/11fql7ryf8","40.9515418","29.1124997","Yüksek Sk. No:9",,,"ChIJG9XoofPGyhQRcQSxqjWnCgY",,,,,,,,,,,,,,,,,,,,,,,,,"34840","3","İstanbul","Yüksek Sk. No:9","Büşra Güzellik Salonu","5",
"Arya Güzellik Salonu, Bostancı, Emanet Sk. 11/B, 34744 Kadıköy/İstanbul, Türkiye","Kadıköy","TR",,"0x14cac7066750fa3d:0x3c6e5c85516d819b","/g/11rkf6z_2h",,,"Emanet Sk. 11/B",,,"ChIJPfpQZwbHyhQRm4FtUYVcbjw",,,,,,,,,,,,,,,,,,,,,,,,,"34744",,"İstanbul","Emanet Sk. 11/B","Arya Güzellik Salonu",,
"Beauty Boss Ataşehir, EMN PLAZA, İnönü, Kurtoğlubey Sk NO:1-3 İÇ KAPI NO:1, 34755 Ataşehir/İstanbul, Türkiye","Ataşehir","TR",,"0x14cac5652aa80c21:0x4d3b230e015af113","/g/11pcs9sg17",,,"EMN PLAZA, Kurtoğlubey Sk NO:1-3 İÇ KAPI NO:1","+902164691399","(0216) 469 13 99","ChIJIQyoKmXFyhQRE_FaAQ4jO00","7pm","Saturday","9am","7pm","Friday","9am","7pm","Thursday","9am","7pm","Wednesday","9am","7pm","Tuesday","9am","7pm","Monday","9am","6pm","Sunday","10am","7pm","Saturday","9am","34755","212","İstanbul","EMN PLAZA, Kurtoğlubey Sk NO:1-3 İÇ KAPI NO:1","Beauty Boss Ataşehir",,
"Özlem Güzellik Salonu (Kartal / İstanbul), Kordonboyu Kıyı Pastanesi Karşısı, 23 Nisan Cd. No:3 Kat:3, 34860 Kartal, Türkiye","Kartal","TR",,"0x14cac377a307d3db:0xcdf6d595ef4d0e0d","/g/11cjkqfwxq",,,"Kordonboyu Kıyı Pastanesi Karşısı, 23 Nisan Cd. No:3 Kat:3","+902163063254","(0216) 306 32 54","ChIJ29MHo3fDyhQRDQ5N75XV9s0","8pm","Saturday","9am","8pm","Friday","9am","8pm","Thursday","9am","8pm","Wednesday","9am","8pm","Tuesday","9am","8pm","Monday","9am",,"Sunday",,"8pm","Saturday","9am","34860","93","İstanbul","Kordonboyu Kıyı Pastanesi Karşısı, 23 Nisan Cd. No:3 Kat:3","Özlem Güzellik Salonu (Kartal / İstanbul)",,
"Ozlem Beauty Salon, 19 Mayıs İnönü Caddesi Sümko Sitesi No:20 D:L, D:3 Blok, 34736 Kadıköy/İstanbul, Türkiye","Kadıköy","TR",,"0x14cac64ac5abde3b:0xa172c732bdc7672f","/g/1pv5wjqhq",,,"19 Mayıs İnönü Caddesi Sümko Sitesi No:20 D:L, D:3 Blok","+902164100179","(0216) 410 01 79","ChIJO96rxUrGyhQRL2fHvTLHcqE","8pm","Saturday","9am","8pm","Friday","9am","8pm","Thursday","9am","8pm","Wednesday","9am","8pm","Tuesday","9am","8pm","Monday","9am",,"Sunday",,"8pm","Saturday","9am","34736","11","İstanbul","19 Mayıs İnönü Caddesi Sümko Sitesi No:20 D:L, D:3 Blok","Ozlem Beauty Salon",,
"Estedore Beauty Palace Maltepe | Epilasyon, Cilt Bakımı, Zayıflama, Altayçeşme, Bağdat Cad. No: 353/A D:1, 34843 Maltepe/İstanbul, Türkiye","Maltepe","TR",,"0x14cabbbfb5ed5423:0x4bdca43c113003d9","/g/11q7dyw5bj","40.9306097","29.1289528","Bağdat Cad. No: 353/A D:1","+905073277633","0507 327 76 33","ChIJI1Tttb-7yhQR2QMwETyk3Es","7pm","Saturday","9am","7pm","Saturday","9am",,,,,,,,,,,,,,,,,,,"34843",,"İstanbul","Bağdat Cad. No: 353/A D:1","Estedore Beauty Palace Maltepe | Epilasyon, Cilt Bakımı, Zayıflama",,
"Buket Güzellik Salonu, Küçükyalı Bağdat Cad, Altıntepe, Bahar Sokağı 8 F, 34840 Maltepe/İstanbul, Türkiye","Maltepe","TR",,"0x14cac6e551eebc6d:0xbe8253f839047e45","/g/11c71981tw","40.9503848","29.1034629","Küçükyalı Bağdat Cad, Bahar Sokağı 8 F","+902164891971","(0216) 489 19 71","ChIJbbzuUeXGyhQRRX4EOfhTgr4","8pm","Saturday","9am","8pm","Saturday","9am",,,,,,,,,,,,,,,,,,,"34840",,"İstanbul","Küçükyalı Bağdat Cad, Bahar Sokağı 8 F","Buket Güzellik Salonu",,
